BOWLING,O,M,R,W,ECON,0s,4s,6s,WD,NB,Bowling_Team,Match,ScoreID
Imran Tahir,10.0,0,61,2,6.1,20,4,0,0,0,South Africa,England vs South Africa,ODI # 4143
Lungi Ngidi,10.0,0,66,3,6.6,28,6,2,2,0,South Africa,England vs South Africa,ODI # 4143
Kagiso Rabada,10.0,0,66,2,6.6,24,8,0,2,0,South Africa,England vs South Africa,ODI # 4143
Dwaine Pretorius,7.0,0,42,0,6.0,17,5,0,0,0,South Africa,England vs South Africa,ODI # 4143
Andile Phehlukwayo,8.0,0,44,1,5.5,23,4,0,4,0,South Africa,England vs South Africa,ODI # 4143
Jean-Paul Duminy,2.0,0,14,0,7.0,3,1,0,0,0,South Africa,England vs South Africa,ODI # 4143
Aiden Markram,3.0,0,16,0,5.33,10,1,1,0,0,South Africa,England vs South Africa,ODI # 4143
Chris Woakes,5.0,0,24,0,4.8,20,4,0,0,0,England,England vs South Africa,ODI # 4143
Jofra Archer,7.0,1,27,3,3.85,29,4,0,1,0,England,England vs South Africa,ODI # 4143
Adil Rashid,8.0,0,35,1,4.37,27,4,0,0,0,England,England vs South Africa,ODI # 4143
Moeen Ali,10.0,0,63,1,6.3,28,6,2,0,0,England,England vs South Africa,ODI # 4143
Liam Plunkett,7.0,0,37,2,5.28,20,1,2,0,0,England,England vs South Africa,ODI # 4143
Ben Stokes,2.5,0,12,2,4.23,11,2,0,0,0,England,England vs South Africa,ODI # 4143
Sheldon Cottrell,4.0,0,18,1,4.5,17,3,0,1,0,West Indies,Pakistan vs West Indies,ODI # 4144
Jason Holder,5.0,0,42,3,8.4,15,2,3,0,0,West Indies,Pakistan vs West Indies,ODI # 4144
Andre Russell,3.0,1,4,2,1.33,14,0,0,0,0,West Indies,Pakistan vs West Indies,ODI # 4144
Carlos Brathwaite,4.0,0,14,0,3.5,14,1,0,0,0,West Indies,Pakistan vs West Indies,ODI # 4144
Oshane Thomas,5.4,0,27,4,4.76,21,3,0,1,2,West Indies,Pakistan vs West Indies,ODI # 4144
Mohammad Amir,6.0,0,26,3,4.33,22,3,0,1,0,Pakistan,Pakistan vs West Indies,ODI # 4144
Hasan Ali,4.0,0,39,0,9.75,11,4,2,1,0,Pakistan,Pakistan vs West Indies,ODI # 4144
Wahab Riaz,3.4,1,40,0,10.9,11,4,3,1,0,Pakistan,Pakistan vs West Indies,ODI # 4144
Matt Henry,7.0,0,29,3,4.14,29,4,0,1,0,New Zealand,Sri Lanka vs New Zealand,ODI # 4145
Trent Boult,9.0,0,44,1,4.88,34,5,0,4,0,New Zealand,Sri Lanka vs New Zealand,ODI # 4145
Lockie Ferguson,6.2,0,22,3,3.47,27,2,0,1,1,New Zealand,Sri Lanka vs New Zealand,ODI # 4145
Colin de Grandhomme,2.0,0,14,1,7.0,5,0,1,0,0,New Zealand,Sri Lanka vs New Zealand,ODI # 4145
James Neesham,3.0,0,21,1,7.0,7,0,1,1,1,New Zealand,Sri Lanka vs New Zealand,ODI # 4145
Mitchell Santner,2.0,0,5,1,2.5,8,0,0,1,0,New Zealand,Sri Lanka vs New Zealand,ODI # 4145
Lasith Malinga,5.0,0,46,0,9.2,9,6,0,1,1,Sri Lanka,Sri Lanka vs New Zealand,ODI # 4145
Suranga Lakmal,4.0,0,28,0,7.0,12,2,1,1,0,Sri Lanka,Sri Lanka vs New Zealand,ODI # 4145
Isuru Udana,3.0,0,24,0,8.0,6,2,1,0,0,Sri Lanka,Sri Lanka vs New Zealand,ODI # 4145
Thisara Perera,3.0,0,25,0,8.33,6,4,0,0,0,Sri Lanka,Sri Lanka vs New Zealand,ODI # 4145
Jeevan Mendis,1.1,0,11,0,9.42,2,0,1,0,0,Sri Lanka,Sri Lanka vs New Zealand,ODI # 4145
Mitchell Starc,7.0,1,31,1,4.42,30,5,0,2,0,Australia,Afghanistan vs Australia,ODI # 4146
Pat Cummins,8.2,0,40,3,4.8,36,6,1,1,1,Australia,Afghanistan vs Australia,ODI # 4146
Nathan Coulter-Nile,8.0,1,36,0,4.5,33,4,1,2,0,Australia,Afghanistan vs Australia,ODI # 4146
Marcus Stoinis,7.0,1,37,2,5.28,30,4,2,3,0,Australia,Afghanistan vs Australia,ODI # 4146
Adam Zampa,8.0,0,60,3,7.5,19,5,3,0,0,Australia,Afghanistan vs Australia,ODI # 4146
Mujeeb Ur Rahman,4.5,0,45,1,9.31,9,5,1,0,0,Afghanistan,Afghanistan vs Australia,ODI # 4146
Hamid Hassan,6.0,2,15,0,2.5,28,2,0,1,0,Afghanistan,Afghanistan vs Australia,ODI # 4146
Dawlat Zadran,5.0,0,32,0,6.4,17,3,1,1,1,Afghanistan,Afghanistan vs Australia,ODI # 4146
Gulbadin Naib,5.0,0,32,1,6.4,16,2,1,2,1,Afghanistan,Afghanistan vs Australia,ODI # 4146
Mohammad Nabi,6.0,0,32,0,5.33,18,1,0,2,0,Afghanistan,Afghanistan vs Australia,ODI # 4146
Rashid Khan,8.0,0,52,1,6.5,17,4,1,0,0,Afghanistan,Afghanistan vs Australia,ODI # 4146
Lungi Ngidi,4.0,0,34,0,8.5,12,7,0,0,0,South Africa,Bangladesh vs South Africa,ODI # 4147
Kagiso Rabada,10.0,0,57,0,5.7,36,6,1,3,0,South Africa,Bangladesh vs South Africa,ODI # 4147
Andile Phehlukwayo,10.0,1,52,2,5.2,28,4,0,3,0,South Africa,Bangladesh vs South Africa,ODI # 4147
Chris Morris,10.0,0,73,2,7.3,23,8,1,2,0,South Africa,Bangladesh vs South Africa,ODI # 4147
Aiden Markram,5.0,0,38,0,7.6,10,4,1,0,0,South Africa,Bangladesh vs South Africa,ODI # 4147
Imran Tahir,10.0,0,57,2,5.7,25,6,0,0,0,South Africa,Bangladesh vs South Africa,ODI # 4147
Jean-Paul Duminy,1.0,0,10,0,10.0,2,2,0,0,0,South Africa,Bangladesh vs South Africa,ODI # 4147
Mustafizur Rahman,10.0,0,67,3,6.7,30,6,2,2,0,Bangladesh,Bangladesh vs South Africa,ODI # 4147
Mehidy Hasan Miraz,10.0,0,44,1,4.4,27,3,0,0,0,Bangladesh,Bangladesh vs South Africa,ODI # 4147
Mohammad Saifuddin,8.0,1,57,2,7.12,17,7,0,2,1,Bangladesh,Bangladesh vs South Africa,ODI # 4147
Shakib Al Hasan,10.0,0,50,1,5.0,21,2,0,0,0,Bangladesh,Bangladesh vs South Africa,ODI # 4147
Mashrafe Mortaza,6.0,0,49,0,8.16,6,5,0,0,0,Bangladesh,Bangladesh vs South Africa,ODI # 4147
Mosaddek Hossain,6.0,0,38,0,6.33,11,0,1,1,0,Bangladesh,Bangladesh vs South Africa,ODI # 4147
Chris Woakes,8.0,1,71,3,8.87,19,10,1,2,0,England,Pakistan vs England,ODI # 4148
Jofra Archer,10.0,0,79,0,7.9,25,5,2,4,0,England,Pakistan vs England,ODI # 4148
Moeen Ali,10.0,0,50,3,5.0,24,4,0,0,0,England,Pakistan vs England,ODI # 4148
Mark Wood,10.0,0,53,2,5.3,28,3,1,2,0,England,Pakistan vs England,ODI # 4148
Ben Stokes,7.0,0,43,0,6.14,15,4,0,0,0,England,Pakistan vs England,ODI # 4148
Adil Rashid,5.0,0,43,0,8.6,9,3,2,1,0,England,Pakistan vs England,ODI # 4148
Shadab Khan,10.0,0,63,2,6.3,24,4,2,0,0,Pakistan,Pakistan vs England,ODI # 4148
Mohammad Amir,10.0,0,67,2,6.7,25,8,0,3,0,Pakistan,Pakistan vs England,ODI # 4148
Wahab Riaz,10.0,0,82,3,8.2,20,11,1,1,0,Pakistan,Pakistan vs England,ODI # 4148
Hasan Ali,10.0,0,66,0,6.6,20,5,0,1,0,Pakistan,Pakistan vs England,ODI # 4148
Mohammad Hafeez,7.0,0,43,1,6.14,16,2,2,0,0,Pakistan,Pakistan vs England,ODI # 4148
Shoaib Malik,3.0,0,10,1,3.33,11,1,0,0,0,Pakistan,Pakistan vs England,ODI # 4148
Dawlat Zadran,6.0,0,34,2,5.66,24,5,0,3,0,Afghanistan,Sri Lanka vs Afghanistan,ODI # 4149
Hamid Hassan,7.0,0,53,1,7.57,17,4,0,2,0,Afghanistan,Sri Lanka vs Afghanistan,ODI # 4149
Mujeeb Ur Rahman,3.0,0,19,0,6.33,9,3,0,1,0,Afghanistan,Sri Lanka vs Afghanistan,ODI # 4149
Mohammad Nabi,9.0,0,30,4,3.33,33,0,1,1,0,Afghanistan,Sri Lanka vs Afghanistan,ODI # 4149
Gulbadin Naib,4.0,0,38,0,9.5,6,3,0,2,3,Afghanistan,Sri Lanka vs Afghanistan,ODI # 4149
Rashid Khan,7.5,1,17,2,2.17,34,0,0,1,0,Afghanistan,Sri Lanka vs Afghanistan,ODI # 4149
Lasith Malinga,6.4,0,39,3,5.85,23,4,1,3,0,Sri Lanka,Sri Lanka vs Afghanistan,ODI # 4149
Suranga Lakmal,6.0,0,27,0,4.5,23,2,1,2,0,Sri Lanka,Sri Lanka vs Afghanistan,ODI # 4149
Isuru Udana,6.0,0,28,1,4.66,22,2,0,0,1,Sri Lanka,Sri Lanka vs Afghanistan,ODI # 4149
Nuwan Pradeep,9.0,1,31,4,3.44,41,3,0,4,0,Sri Lanka,Sri Lanka vs Afghanistan,ODI # 4149
Thisara Perera,4.0,0,19,1,4.75,16,2,0,2,0,Sri Lanka,Sri Lanka vs Afghanistan,ODI # 4149
Dhananjaya de Silva,1.0,0,7,0,7.0,2,1,0,0,0,Sri Lanka,Sri Lanka vs Afghanistan,ODI # 4149
Bhuvneshwar Kumar,10.0,0,44,2,4.4,33,3,0,2,0,India,South Africa vs India,ODI # 4150
Jasprit Bumrah,10.0,1,35,2,3.5,41,4,0,0,0,India,South Africa vs India,ODI # 4150
Hardik Pandya,6.0,0,31,0,5.16,16,2,0,0,0,India,South Africa vs India,ODI # 4150
Kuldeep Yadav,10.0,0,46,1,4.6,28,2,1,1,0,India,South Africa vs India,ODI # 4150
Yuzvendra Chahal,10.0,0,51,4,5.1,32,1,2,3,0,India,South Africa vs India,ODI # 4150
Kedar Jadhav,4.0,0,16,0,4.0,13,1,0,0,0,India,South Africa vs India,ODI # 4150
Imran Tahir,10.0,0,58,0,5.8,20,4,0,0,0,South Africa,South Africa vs India,ODI # 4150
Kagiso Rabada,10.0,1,39,2,3.9,40,4,1,1,0,South Africa,South Africa vs India,ODI # 4150
Chris Morris,10.0,3,36,1,3.6,43,5,0,1,0,South Africa,South Africa vs India,ODI # 4150
Andile Phehlukwayo,8.3,0,40,1,4.7,30,5,0,1,0,South Africa,South Africa vs India,ODI # 4150
Tabraiz Shamsi,9.0,0,54,0,6.0,25,4,1,1,0,South Africa,South Africa vs India,ODI # 4150
Matt Henry,9.2,0,47,4,5.03,31,5,0,1,0,New Zealand,Bangladesh vs New Zealand,ODI # 4151
Trent Boult,10.0,0,44,2,4.4,32,4,0,1,0,New Zealand,Bangladesh vs New Zealand,ODI # 4151
Lockie Ferguson,10.0,0,40,1,4.0,35,3,0,5,0,New Zealand,Bangladesh vs New Zealand,ODI # 4151
Colin de Grandhomme,8.0,0,39,1,4.87,25,4,0,1,0,New Zealand,Bangladesh vs New Zealand,ODI # 4151
James Neesham,2.0,0,24,0,12.0,2,4,0,1,0,New Zealand,Bangladesh vs New Zealand,ODI # 4151
Mitchell Santner,10.0,1,41,1,4.1,32,1,1,0,0,New Zealand,Bangladesh vs New Zealand,ODI # 4151
Mashrafe Mortaza,5.0,0,32,0,6.4,16,5,0,0,1,Bangladesh,Bangladesh vs New Zealand,ODI # 4151
Mehidy Hasan Miraz,10.0,0,47,2,4.7,37,4,2,1,0,Bangladesh,Bangladesh vs New Zealand,ODI # 4151
Mustafizur Rahman,7.1,0,48,0,6.69,19,6,0,3,0,Bangladesh,Bangladesh vs New Zealand,ODI # 4151
Shakib Al Hasan,10.0,0,47,2,4.7,31,2,1,1,0,Bangladesh,Bangladesh vs New Zealand,ODI # 4151
Mohammad Saifuddin,7.0,0,41,2,5.85,19,4,0,3,0,Bangladesh,Bangladesh vs New Zealand,ODI # 4151
Mosaddek Hossain,8.0,0,33,2,4.12,27,3,0,1,0,Bangladesh,Bangladesh vs New Zealand,ODI # 4151
Oshane Thomas,10.0,0,63,2,6.3,34,7,0,8,1,West Indies,Australia vs West Indies,ODI # 4152
Sheldon Cottrell,9.0,0,56,2,6.22,25,4,2,3,0,West Indies,Australia vs West Indies,ODI # 4152
Andre Russell,8.0,0,41,2,5.12,31,3,1,5,0,West Indies,Australia vs West Indies,ODI # 4152
Carlos Brathwaite,10.0,0,67,3,6.7,31,9,1,2,0,West Indies,Australia vs West Indies,ODI # 4152
Jason Holder,7.0,2,28,1,4.0,29,4,0,0,0,West Indies,Australia vs West Indies,ODI # 4152
Ashley Nurse,5.0,0,31,0,6.2,8,2,0,2,0,West Indies,Australia vs West Indies,ODI # 4152
Mitchell Starc,10.0,1,46,5,4.6,44,5,1,4,0,Australia,Australia vs West Indies,ODI # 4152
Pat Cummins,10.0,3,41,2,4.1,42,6,0,3,0,Australia,Australia vs West Indies,ODI # 4152
Nathan Coulter-Nile,10.0,0,70,0,7.0,28,10,1,0,0,Australia,Australia vs West Indies,ODI # 4152
Glenn Maxwell,6.0,1,31,0,5.16,19,3,0,0,0,Australia,Australia vs West Indies,ODI # 4152
Adam Zampa,10.0,0,58,1,5.8,33,8,1,0,0,Australia,Australia vs West Indies,ODI # 4152
Marcus Stoinis,4.0,0,18,0,4.5,14,1,1,0,0,Australia,Australia vs West Indies,ODI # 4152
Shakib Al Hasan,10.0,0,71,0,7.1,28,7,2,2,0,Bangladesh,England vs Bangladesh,ODI # 4153
Mashrafe Mortaza,10.0,0,68,1,6.8,24,6,2,0,0,Bangladesh,England vs Bangladesh,ODI # 4153
Mohammad Saifuddin,9.0,0,78,2,8.66,18,7,2,2,0,Bangladesh,England vs Bangladesh,ODI # 4153
Mustafizur Rahman,9.0,0,75,1,8.33,19,4,3,2,1,Bangladesh,England vs Bangladesh,ODI # 4153
Mehidy Hasan Miraz,10.0,0,67,2,6.7,22,3,3,1,0,Bangladesh,England vs Bangladesh,ODI # 4153
Mosaddek Hossain,2.0,0,24,0,12.0,1,1,2,0,0,Bangladesh,England vs Bangladesh,ODI # 4153
Chris Woakes,8.0,0,67,0,8.37,13,9,0,0,0,England,England vs Bangladesh,ODI # 4153
Jofra Archer,8.5,2,29,3,3.28,37,0,1,1,0,England,England vs Bangladesh,ODI # 4153
Liam Plunkett,8.0,0,36,1,4.5,17,1,0,2,0,England,England vs Bangladesh,ODI # 4153
Mark Wood,8.0,0,52,2,6.5,16,6,0,0,0,England,England vs Bangladesh,ODI # 4153
Adil Rashid,10.0,0,64,1,6.4,22,5,1,2,0,England,England vs Bangladesh,ODI # 4153
Ben Stokes,6.0,1,23,3,3.83,20,1,0,1,0,England,England vs Bangladesh,ODI # 4153
Matt Henry,8.0,0,50,0,6.25,28,8,1,0,0,New Zealand,Afghanistan vs New Zealand,ODI # 4154
Trent Boult,10.0,0,34,0,3.4,39,4,0,0,0,New Zealand,Afghanistan vs New Zealand,ODI # 4154
Lockie Ferguson,9.1,3,37,4,4.03,40,7,0,0,0,New Zealand,Afghanistan vs New Zealand,ODI # 4154
James Neesham,10.0,1,31,5,3.1,45,4,0,2,0,New Zealand,Afghanistan vs New Zealand,ODI # 4154
Colin de Grandhomme,4.0,1,14,1,3.5,16,2,0,0,0,New Zealand,Afghanistan vs New Zealand,ODI # 4154
Aftab Alam,8.1,0,45,3,5.51,24,6,0,1,0,Afghanistan,Afghanistan vs New Zealand,ODI # 4154
Hamid Hassan,7.0,0,30,0,4.28,25,3,0,3,0,Afghanistan,Afghanistan vs New Zealand,ODI # 4154
Gulbadin Naib,9.0,1,55,0,6.11,28,8,0,1,1,Afghanistan,Afghanistan vs New Zealand,ODI # 4154
Mohammad Nabi,3.0,0,18,0,6.0,7,0,1,1,0,Afghanistan,Afghanistan vs New Zealand,ODI # 4154
Rahmat Shah,5.0,0,21,0,4.2,18,3,0,0,0,Afghanistan,Afghanistan vs New Zealand,ODI # 4154
Pat Cummins,10.0,0,55,1,5.5,34,5,1,3,0,Australia,India vs Australia,ODI # 4155
Mitchell Starc,10.0,0,74,1,7.4,22,4,3,0,0,Australia,India vs Australia,ODI # 4155
Nathan Coulter-Nile,10.0,1,63,1,6.3,28,8,1,1,0,Australia,India vs Australia,ODI # 4155
Glenn Maxwell,7.0,0,45,0,6.42,14,4,1,0,0,Australia,India vs Australia,ODI # 4155
Adam Zampa,6.0,0,50,0,8.33,6,4,1,0,0,Australia,India vs Australia,ODI # 4155
Marcus Stoinis,7.0,0,62,2,8.85,12,6,1,3,0,Australia,India vs Australia,ODI # 4155
Bhuvneshwar Kumar,10.0,0,50,3,5.0,31,5,0,1,0,India,India vs Australia,ODI # 4155
Jasprit Bumrah,10.0,1,61,3,6.1,34,9,0,1,0,India,India vs Australia,ODI # 4155
Hardik Pandya,10.0,0,68,0,6.8,24,6,1,2,1,India,India vs Australia,ODI # 4155
Kuldeep Yadav,9.0,0,55,0,6.11,19,4,1,0,0,India,India vs Australia,ODI # 4155
Yuzvendra Chahal,10.0,0,62,2,6.2,21,3,1,1,0,India,India vs Australia,ODI # 4155
Kedar Jadhav,1.0,0,14,0,14.0,2,1,1,2,0,India,India vs Australia,ODI # 4155
Mohammad Amir,10.0,2,30,5,3.0,37,1,0,1,0,Pakistan,Australia vs Pakistan,ODI # 4157
Shaheen Shah Afridi,10.0,0,70,2,7.0,28,7,1,1,1,Pakistan,Australia vs Pakistan,ODI # 4157
Hasan Ali,10.0,0,67,1,6.7,28,9,0,3,1,Pakistan,Australia vs Pakistan,ODI # 4157
Wahab Riaz,8.0,0,44,1,5.5,23,5,0,1,0,Pakistan,Australia vs Pakistan,ODI # 4157
Mohammad Hafeez,7.0,0,60,1,8.57,14,4,4,0,0,Pakistan,Australia vs Pakistan,ODI # 4157
Shoaib Malik,4.0,0,26,0,6.5,11,1,1,0,1,Pakistan,Australia vs Pakistan,ODI # 4157
Pat Cummins,10.0,0,33,3,3.3,41,4,0,0,1,Australia,Australia vs Pakistan,ODI # 4157
Mitchell Starc,9.0,1,43,2,4.77,32,6,0,2,0,Australia,Australia vs Pakistan,ODI # 4157
Kane Richardson,8.4,0,62,2,7.15,22,6,2,2,0,Australia,Australia vs Pakistan,ODI # 4157
Nathan Coulter-Nile,9.0,0,53,1,5.88,23,2,2,2,0,Australia,Australia vs Pakistan,ODI # 4157
Glenn Maxwell,7.0,0,58,0,8.28,13,4,3,1,0,Australia,Australia vs Pakistan,ODI # 4157
Aaron Finch,2.0,0,13,1,6.5,4,1,0,1,0,Australia,Australia vs Pakistan,ODI # 4157
Chris Woakes,5.0,2,16,1,3.2,23,1,1,1,0,England,West Indies vs England,ODI # 4158
Jofra Archer,9.0,1,30,3,3.33,38,4,0,1,0,England,West Indies vs England,ODI # 4158
Liam Plunkett,5.0,0,30,1,6.0,13,3,0,3,0,England,West Indies vs England,ODI # 4158
Mark Wood,6.4,0,18,3,2.7,31,1,1,1,0,England,West Indies vs England,ODI # 4158
Ben Stokes,4.0,0,25,0,6.25,10,3,0,0,0,England,West Indies vs England,ODI # 4158
Adil Rashid,10.0,0,61,0,6.1,27,2,3,1,0,England,West Indies vs England,ODI # 4158
Joe Root,5.0,0,27,2,5.4,14,0,1,1,0,England,West Indies vs England,ODI # 4158
Sheldon Cottrell,3.0,0,17,0,5.66,12,2,0,1,0,West Indies,West Indies vs England,ODI # 4158
Oshane Thomas,6.0,0,43,0,7.16,17,6,0,2,0,West Indies,West Indies vs England,ODI # 4158
Shannon Gabriel,7.0,0,49,2,7.0,22,5,0,7,0,West Indies,West Indies vs England,ODI # 4158
Andre Russell,2.0,0,14,0,7.0,7,2,0,1,0,West Indies,West Indies vs England,ODI # 4158
Jason Holder,5.1,0,31,0,6.0,18,4,0,1,1,West Indies,West Indies vs England,ODI # 4158
Carlos Brathwaite,5.0,0,35,0,7.0,11,4,0,1,0,West Indies,West Indies vs England,ODI # 4158
Chris Gayle,5.0,0,22,0,4.4,14,1,0,2,0,West Indies,West Indies vs England,ODI # 4158
Lasith Malinga,10.0,1,61,1,6.1,29,5,1,3,1,Sri Lanka,Australia vs Sri Lanka,ODI # 4159
Nuwan Pradeep,10.0,0,88,0,8.8,26,13,2,1,0,Sri Lanka,Australia vs Sri Lanka,ODI # 4159
Isuru Udana,10.0,0,57,2,5.7,24,4,0,1,0,Sri Lanka,Australia vs Sri Lanka,ODI # 4159
Thisara Perera,10.0,0,67,0,6.7,19,6,1,1,0,Sri Lanka,Australia vs Sri Lanka,ODI # 4159
Dhananjaya de Silva,8.0,0,40,2,5.0,24,1,2,2,0,Sri Lanka,Australia vs Sri Lanka,ODI # 4159
Milinda Siriwardana,2.0,0,17,0,8.5,4,1,1,0,0,Sri Lanka,Australia vs Sri Lanka,ODI # 4159
Mitchell Starc,10.0,0,55,4,5.5,34,5,2,1,0,Australia,Australia vs Sri Lanka,ODI # 4159
Pat Cummins,7.5,0,38,2,4.85,28,4,0,2,0,Australia,Australia vs Sri Lanka,ODI # 4159
Jason Behrendorff,9.0,0,59,1,6.55,22,4,1,0,0,Australia,Australia vs Sri Lanka,ODI # 4159
Kane Richardson,9.0,1,47,3,5.22,32,6,0,2,0,Australia,Australia vs Sri Lanka,ODI # 4159
Glenn Maxwell,10.0,0,46,0,4.6,26,1,1,1,0,Australia,Australia vs Sri Lanka,ODI # 4159
Kagiso Rabada,8.0,1,36,1,4.5,32,5,0,2,0,South Africa,Afghanistan vs South Africa,ODI # 4160
Beuran Hendricks,5.0,1,25,0,5.0,21,5,0,1,0,South Africa,Afghanistan vs South Africa,ODI # 4160
Andile Phehlukwayo,8.0,1,18,2,2.25,36,1,0,0,0,South Africa,Afghanistan vs South Africa,ODI # 4160
Chris Morris,6.1,2,13,3,2.1,30,1,0,0,0,South Africa,Afghanistan vs South Africa,ODI # 4160
Imran Tahir,7.0,0,29,4,4.14,24,3,0,0,0,South Africa,Afghanistan vs South Africa,ODI # 4160
Aftab Alam,5.0,1,16,0,3.2,23,2,0,2,0,Afghanistan,Afghanistan vs South Africa,ODI # 4160
Hamid Hassan,4.0,1,11,0,2.75,16,1,0,0,0,Afghanistan,Afghanistan vs South Africa,ODI # 4160
Rashid Khan,7.0,0,45,0,6.42,21,6,0,1,0,Afghanistan,Afghanistan vs South Africa,ODI # 4160
Gulbadin Naib,6.0,0,29,1,4.83,18,3,0,0,0,Afghanistan,Afghanistan vs South Africa,ODI # 4160
Mohammad Nabi,6.4,0,29,0,4.35,23,2,1,1,0,Afghanistan,Afghanistan vs South Africa,ODI # 4160
Mohammad Amir,10.0,1,47,3,4.7,33,5,0,1,0,Pakistan,India vs Pakistan,ODI # 4161
Hasan Ali,9.0,0,84,1,9.33,20,8,3,1,0,Pakistan,India vs Pakistan,ODI # 4161
Wahab Riaz,10.0,0,71,1,7.1,20,7,0,5,0,Pakistan,India vs Pakistan,ODI # 4161
Imad Wasim,10.0,0,49,0,4.9,23,2,0,2,0,Pakistan,India vs Pakistan,ODI # 4161
Shadab Khan,9.0,0,61,0,6.77,19,5,1,0,0,Pakistan,India vs Pakistan,ODI # 4161
Shoaib Malik,1.0,0,11,0,11.0,0,0,1,0,0,Pakistan,India vs Pakistan,ODI # 4161
Mohammad Hafeez,1.0,0,11,0,11.0,3,1,1,0,0,Pakistan,India vs Pakistan,ODI # 4161
Bhuvneshwar Kumar,2.4,0,8,0,3.0,12,1,0,1,0,India,India vs Pakistan,ODI # 4161
Jasprit Bumrah,8.0,0,52,0,6.5,24,8,0,0,1,India,India vs Pakistan,ODI # 4161
Vijay Shankar,5.2,0,22,2,4.12,19,2,0,2,0,India,India vs Pakistan,ODI # 4161
Hardik Pandya,8.0,0,44,2,5.5,21,5,0,1,0,India,India vs Pakistan,ODI # 4161
Kuldeep Yadav,9.0,1,32,2,3.55,28,1,0,0,0,India,India vs Pakistan,ODI # 4161
Yuzvendra Chahal,7.0,0,53,0,7.57,13,1,3,2,0,India,India vs Pakistan,ODI # 4161
Mashrafe Mortaza,8.0,1,37,0,4.62,30,3,2,0,0,Bangladesh,West Indies vs Bangladesh,ODI # 4162
Mohammad Saifuddin,10.0,1,72,3,7.2,31,4,4,6,0,Bangladesh,West Indies vs Bangladesh,ODI # 4162
Mustafizur Rahman,9.0,0,59,3,6.55,25,4,1,5,0,Bangladesh,West Indies vs Bangladesh,ODI # 4162
Mehidy Hasan Miraz,9.0,0,57,0,6.33,17,3,1,1,0,Bangladesh,West Indies vs Bangladesh,ODI # 4162
Mosaddek Hossain,6.0,0,36,0,6.0,14,2,1,0,0,Bangladesh,West Indies vs Bangladesh,ODI # 4162
Shakib Al Hasan,8.0,0,54,2,6.75,20,4,2,0,0,Bangladesh,West Indies vs Bangladesh,ODI # 4162
Sheldon Cottrell,10.0,0,65,0,6.5,30,5,2,3,0,West Indies,West Indies vs Bangladesh,ODI # 4162
Jason Holder,9.0,0,62,0,6.88,20,8,0,1,0,West Indies,West Indies vs Bangladesh,ODI # 4162
Andre Russell,6.0,0,42,1,7.0,16,3,1,1,0,West Indies,West Indies vs Bangladesh,ODI # 4162
Shannon Gabriel,8.3,0,78,0,9.17,15,7,3,2,0,West Indies,West Indies vs Bangladesh,ODI # 4162
Oshane Thomas,6.0,0,52,1,8.66,14,7,0,5,0,West Indies,West Indies vs Bangladesh,ODI # 4162
Chris Gayle,2.0,0,22,0,11.0,2,2,0,1,0,West Indies,West Indies vs Bangladesh,ODI # 4162
Mujeeb Ur Rahman,10.0,0,44,0,4.4,36,2,1,2,0,Afghanistan,England vs Afghanistan,ODI # 4163
Dawlat Zadran,10.0,0,85,3,8.5,25,8,3,4,0,Afghanistan,England vs Afghanistan,ODI # 4163
Mohammad Nabi,9.0,0,70,0,7.77,19,4,4,0,0,Afghanistan,England vs Afghanistan,ODI # 4163
Gulbadin Naib,10.0,0,68,3,6.8,29,3,5,0,1,Afghanistan,England vs Afghanistan,ODI # 4163
Rahmat Shah,2.0,0,19,0,9.5,3,1,1,0,0,Afghanistan,England vs Afghanistan,ODI # 4163
Rashid Khan,9.0,0,110,0,12.22,18,3,11,0,0,Afghanistan,England vs Afghanistan,ODI # 4163
Chris Woakes,9.0,0,41,0,4.55,30,3,1,2,0,England,England vs Afghanistan,ODI # 4163
Jofra Archer,10.0,1,52,3,5.2,38,5,1,2,0,England,England vs Afghanistan,ODI # 4163
Moeen Ali,7.0,0,35,0,5.0,19,2,1,0,0,England,England vs Afghanistan,ODI # 4163
Mark Wood,10.0,1,40,2,4.0,37,3,1,1,0,England,England vs Afghanistan,ODI # 4163
Ben Stokes,4.0,0,12,0,3.0,13,0,0,0,0,England,England vs Afghanistan,ODI # 4163
Adil Rashid,10.0,0,66,3,6.6,30,3,4,1,0,England,England vs Afghanistan,ODI # 4163
Matt Henry,10.0,2,34,0,3.4,42,2,1,0,0,New Zealand,South Africa vs New Zealand,ODI # 4165
Trent Boult,10.0,0,63,1,6.3,30,7,1,1,0,New Zealand,South Africa vs New Zealand,ODI # 4165
Lockie Ferguson,10.0,0,59,3,5.9,32,6,1,3,0,New Zealand,South Africa vs New Zealand,ODI # 4165
Colin de Grandhomme,10.0,0,33,1,3.3,36,1,0,0,0,New Zealand,South Africa vs New Zealand,ODI # 4165
Mitchell Santner,9.0,0,45,1,5.0,22,2,1,0,0,New Zealand,South Africa vs New Zealand,ODI # 4165
Kagiso Rabada,10.0,0,42,1,4.2,39,3,1,1,0,South Africa,South Africa vs New Zealand,ODI # 4165
Lungi Ngidi,10.0,1,47,1,4.7,35,6,0,2,0,South Africa,South Africa vs New Zealand,ODI # 4165
Chris Morris,10.0,0,49,3,4.9,34,6,0,0,0,South Africa,South Africa vs New Zealand,ODI # 4165
Andile Phehlukwayo,8.3,0,73,1,8.58,17,7,2,3,1,South Africa,South Africa vs New Zealand,ODI # 4165
Imran Tahir,10.0,0,33,0,3.3,34,2,0,0,0,South Africa,South Africa vs New Zealand,ODI # 4165
Mashrafe Mortaza,8.0,0,56,0,7.0,22,6,2,0,0,Bangladesh,Australia vs Bangladesh,ODI # 4166
Mustafizur Rahman,9.0,0,69,1,7.66,22,9,1,1,0,Bangladesh,Australia vs Bangladesh,ODI # 4166
Shakib Al Hasan,6.0,0,50,0,8.33,12,4,2,0,0,Bangladesh,Australia vs Bangladesh,ODI # 4166
Rubel Hossain,9.0,0,83,0,9.22,16,6,3,3,1,Bangladesh,Australia vs Bangladesh,ODI # 4166
Mehidy Hasan Miraz,10.0,0,59,0,5.9,22,3,1,1,0,Bangladesh,Australia vs Bangladesh,ODI # 4166
Soumya Sarkar,8.0,0,58,3,7.25,17,6,1,0,0,Bangladesh,Australia vs Bangladesh,ODI # 4166
Mitchell Starc,10.0,0,55,2,5.5,25,5,0,0,0,Australia,Australia vs Bangladesh,ODI # 4166
Pat Cummins,10.0,1,65,0,6.5,28,6,1,3,0,Australia,Australia vs Bangladesh,ODI # 4166
Glenn Maxwell,3.0,0,25,0,8.33,5,3,0,0,0,Australia,Australia vs Bangladesh,ODI # 4166
Nathan Coulter-Nile,10.0,0,58,2,5.8,24,6,0,1,0,Australia,Australia vs Bangladesh,ODI # 4166
Marcus Stoinis,8.0,0,54,2,6.75,13,5,0,0,0,Australia,Australia vs Bangladesh,ODI # 4166
Adam Zampa,9.0,0,68,1,7.55,21,5,3,1,0,Australia,Australia vs Bangladesh,ODI # 4166
Chris Woakes,5.0,0,22,1,4.4,17,2,0,0,0,England,Sri Lanka vs England,ODI # 4168
Jofra Archer,10.0,2,52,3,5.2,38,4,3,2,0,England,Sri Lanka vs England,ODI # 4168
Mark Wood,8.0,0,40,3,5.0,23,3,0,1,0,England,Sri Lanka vs England,ODI # 4168
Ben Stokes,5.0,0,16,0,3.2,20,2,0,0,0,England,Sri Lanka vs England,ODI # 4168
Moeen Ali,10.0,0,40,0,4.0,28,0,0,3,0,England,Sri Lanka vs England,ODI # 4168
Adil Rashid,10.0,0,45,2,4.5,27,3,0,0,0,England,Sri Lanka vs England,ODI # 4168
Joe Root,2.0,0,13,0,6.5,3,1,0,0,0,England,Sri Lanka vs England,ODI # 4168
Lasith Malinga,10.0,1,43,4,4.3,39,5,0,2,0,Sri Lanka,Sri Lanka vs England,ODI # 4168
Nuwan Pradeep,10.0,1,38,1,3.8,40,5,0,2,0,Sri Lanka,Sri Lanka vs England,ODI # 4168
Dhananjaya de Silva,8.0,0,32,3,4.0,24,0,1,0,0,Sri Lanka,Sri Lanka vs England,ODI # 4168
Thisara Perera,8.0,0,34,0,4.25,23,2,0,0,0,Sri Lanka,Sri Lanka vs England,ODI # 4168
Isuru Udana,8.0,0,41,2,5.12,28,3,2,1,0,Sri Lanka,Sri Lanka vs England,ODI # 4168
Jeevan Mendis,3.0,0,23,0,7.66,5,0,2,0,0,Sri Lanka,Sri Lanka vs England,ODI # 4168
Mujeeb Ur Rahman,10.0,0,26,1,2.6,38,1,0,1,0,Afghanistan,India vs Afghanistan,ODI # 4169
Aftab Alam,7.0,1,54,1,7.71,19,7,1,0,0,Afghanistan,India vs Afghanistan,ODI # 4169
Gulbadin Naib,9.0,0,51,2,5.66,20,2,0,2,0,Afghanistan,India vs Afghanistan,ODI # 4169
Mohammad Nabi,9.0,0,33,2,3.66,23,0,0,1,0,Afghanistan,India vs Afghanistan,ODI # 4169
Rashid Khan,10.0,0,38,1,3.8,36,3,0,2,0,Afghanistan,India vs Afghanistan,ODI # 4169
Rahmat Shah,5.0,0,22,1,4.4,16,2,0,1,0,Afghanistan,India vs Afghanistan,ODI # 4169
Mohammed Shami,9.5,1,40,4,4.06,38,4,0,3,0,India,India vs Afghanistan,ODI # 4169
Jasprit Bumrah,10.0,1,39,2,3.9,37,1,1,0,0,India,India vs Afghanistan,ODI # 4169
Yuzvendra Chahal,10.0,0,36,2,3.6,41,5,0,0,0,India,India vs Afghanistan,ODI # 4169
Hardik Pandya,10.0,1,51,2,5.1,32,3,0,2,0,India,India vs Afghanistan,ODI # 4169
Kuldeep Yadav,10.0,0,39,0,3.9,30,2,0,0,0,India,India vs Afghanistan,ODI # 4169
Sheldon Cottrell,10.0,1,56,4,5.6,30,3,1,1,0,West Indies,New Zealand vs West Indies,ODI # 4170
Kemar Roach,10.0,2,38,0,3.8,41,5,0,0,0,West Indies,New Zealand vs West Indies,ODI # 4170
Jason Holder,7.0,0,42,0,6.0,17,5,0,0,1,West Indies,New Zealand vs West Indies,ODI # 4170
Oshane Thomas,6.0,0,30,0,5.0,20,4,0,0,0,West Indies,New Zealand vs West Indies,ODI # 4170
Carlos Brathwaite,6.0,0,58,2,9.66,8,3,3,1,0,West Indies,New Zealand vs West Indies,ODI # 4170
Ashley Nurse,9.0,0,55,0,6.11,13,3,0,0,0,West Indies,New Zealand vs West Indies,ODI # 4170
Chris Gayle,2.0,0,8,1,4.0,5,0,0,1,0,West Indies,New Zealand vs West Indies,ODI # 4170
Trent Boult,10.0,1,30,4,3.0,42,3,0,1,0,New Zealand,New Zealand vs West Indies,ODI # 4170
Matt Henry,9.0,0,76,1,8.44,29,6,6,2,0,New Zealand,New Zealand vs West Indies,ODI # 4170
Lockie Ferguson,10.0,0,59,3,5.9,35,6,2,2,0,New Zealand,New Zealand vs West Indies,ODI # 4170
James Neesham,6.0,0,35,1,5.83,21,6,0,0,0,New Zealand,New Zealand vs West Indies,ODI # 4170
Mitchell Santner,10.0,1,61,0,6.1,32,2,5,0,0,New Zealand,New Zealand vs West Indies,ODI # 4170
Colin de Grandhomme,4.0,0,22,1,5.5,15,4,0,0,0,New Zealand,New Zealand vs West Indies,ODI # 4170
Kagiso Rabada,10.0,0,65,0,6.5,30,8,1,1,0,South Africa,Pakistan vs South Africa,ODI # 4171
Lungi Ngidi,9.0,0,64,3,7.11,26,7,2,0,0,South Africa,Pakistan vs South Africa,ODI # 4171
Chris Morris,9.0,0,61,0,6.77,24,9,0,0,0,South Africa,Pakistan vs South Africa,ODI # 4171
Andile Phehlukwayo,8.0,0,49,1,6.12,24,4,1,2,1,South Africa,Pakistan vs South Africa,ODI # 4171
Imran Tahir,10.0,0,41,2,4.1,33,2,1,1,0,South Africa,Pakistan vs South Africa,ODI # 4171
Aiden Markram,4.0,0,22,1,5.5,10,1,0,1,0,South Africa,Pakistan vs South Africa,ODI # 4171
Mohammad Hafeez,2.0,0,11,0,5.5,4,0,0,1,0,Pakistan,Pakistan vs South Africa,ODI # 4171
Mohammad Amir,10.0,1,49,2,4.9,32,4,0,1,0,Pakistan,Pakistan vs South Africa,ODI # 4171
Shaheen Shah Afridi,8.0,0,54,1,6.75,23,6,2,0,0,Pakistan,Pakistan vs South Africa,ODI # 4171
Imad Wasim,10.0,0,48,0,4.8,26,4,0,0,0,Pakistan,Pakistan vs South Africa,ODI # 4171
Wahab Riaz,10.0,0,46,3,4.6,29,2,1,2,0,Pakistan,Pakistan vs South Africa,ODI # 4171
Shadab Khan,10.0,1,50,3,5.0,26,3,1,1,0,Pakistan,Pakistan vs South Africa,ODI # 4171
Mujeeb Ur Rahman,10.0,0,39,3,3.9,33,1,0,3,0,Afghanistan,Bangladesh vs Afghanistan,ODI # 4172
Dawlat Zadran,9.0,0,64,1,7.11,23,5,1,3,0,Afghanistan,Bangladesh vs Afghanistan,ODI # 4172
Mohammad Nabi,10.0,0,44,1,4.4,30,3,0,1,0,Afghanistan,Bangladesh vs Afghanistan,ODI # 4172
Gulbadin Naib,10.0,1,56,2,5.6,23,4,0,0,0,Afghanistan,Bangladesh vs Afghanistan,ODI # 4172
Rashid Khan,10.0,0,52,0,5.2,27,3,0,1,0,Afghanistan,Bangladesh vs Afghanistan,ODI # 4172
Rahmat Shah,1.0,0,7,0,7.0,2,1,0,0,0,Afghanistan,Bangladesh vs Afghanistan,ODI # 4172
Mashrafe Mortaza,7.0,0,37,0,5.28,23,2,0,2,0,Bangladesh,Bangladesh vs Afghanistan,ODI # 4172
Mustafizur Rahman,8.0,1,32,2,4.0,31,4,0,2,0,Bangladesh,Bangladesh vs Afghanistan,ODI # 4172
Mohammad Saifuddin,8.0,0,33,1,4.12,23,1,0,1,0,Bangladesh,Bangladesh vs Afghanistan,ODI # 4172
Shakib Al Hasan,10.0,1,29,5,2.9,40,0,1,0,0,Bangladesh,Bangladesh vs Afghanistan,ODI # 4172
Mehidy Hasan Miraz,8.0,0,37,0,4.62,24,3,0,0,0,Bangladesh,Bangladesh vs Afghanistan,ODI # 4172
Mosaddek Hossain,6.0,0,25,1,4.16,21,3,0,0,0,Bangladesh,Bangladesh vs Afghanistan,ODI # 4172
Chris Woakes,10.0,0,46,2,4.6,35,6,0,1,0,England,Australia vs England,ODI # 4191
Jofra Archer,9.0,0,56,1,6.22,31,7,1,1,0,England,Australia vs England,ODI # 4191
Mark Wood,9.0,0,59,1,6.55,28,9,0,2,0,England,Australia vs England,ODI # 4191
Ben Stokes,6.0,0,29,1,4.83,17,2,0,0,0,England,Australia vs England,ODI # 4191
Moeen Ali,6.0,0,42,1,7.0,12,1,2,0,0,England,Australia vs England,ODI # 4191
Adil Rashid,10.0,0,49,0,4.9,31,5,0,0,0,England,Australia vs England,ODI # 4191
Jason Behrendorff,10.0,0,44,5,4.4,41,8,0,1,0,Australia,Australia vs England,ODI # 4191
Mitchell Starc,8.4,1,43,4,4.96,29,5,0,0,0,Australia,Australia vs England,ODI # 4191
Pat Cummins,8.0,1,41,0,5.12,30,7,0,1,0,Australia,Australia vs England,ODI # 4191
Nathan Lyon,9.0,0,43,0,4.77,27,2,1,0,0,Australia,Australia vs England,ODI # 4191
Marcus Stoinis,7.0,0,29,1,4.14,21,2,0,1,0,Australia,Australia vs England,ODI # 4191
Glenn Maxwell,2.0,0,15,0,7.5,7,0,2,0,0,Australia,Australia vs England,ODI # 4191
Mohammad Hafeez,7.0,0,22,0,3.14,25,1,0,0,0,Pakistan,New Zealand vs Pakistan,ODI # 4174
Mohammad Amir,10.0,0,67,1,6.7,31,9,1,2,0,Pakistan,New Zealand vs Pakistan,ODI # 4174
Shaheen Shah Afridi,10.0,3,28,3,2.8,43,2,0,0,0,Pakistan,New Zealand vs Pakistan,ODI # 4174
Imad Wasim,3.0,0,17,0,5.66,7,1,0,0,0,Pakistan,New Zealand vs Pakistan,ODI # 4174
Shadab Khan,10.0,0,43,1,4.3,32,1,2,0,0,Pakistan,New Zealand vs Pakistan,ODI # 4174
Wahab Riaz,10.0,0,55,0,5.5,30,4,1,2,0,Pakistan,New Zealand vs Pakistan,ODI # 4174
Trent Boult,10.0,0,48,1,4.8,42,7,1,0,0,New Zealand,New Zealand vs Pakistan,ODI # 4174
Matt Henry,7.0,0,25,0,3.57,27,2,0,0,0,New Zealand,New Zealand vs Pakistan,ODI # 4174
Lockie Ferguson,8.1,0,50,1,6.12,26,7,0,4,0,New Zealand,New Zealand vs Pakistan,ODI # 4174
Colin de Grandhomme,2.0,0,12,0,6.0,6,1,0,0,0,New Zealand,New Zealand vs Pakistan,ODI # 4174
Mitchell Santner,10.0,0,38,0,3.8,37,2,1,0,0,New Zealand,New Zealand vs Pakistan,ODI # 4174
James Neesham,3.0,0,20,0,6.66,9,3,0,1,0,New Zealand,New Zealand vs Pakistan,ODI # 4174
Kane Williamson,8.0,0,39,1,4.87,24,4,0,1,0,New Zealand,New Zealand vs Pakistan,ODI # 4174
Colin Munro,1.0,0,9,0,9.0,1,1,0,1,0,New Zealand,New Zealand vs Pakistan,ODI # 4174
Sheldon Cottrell,10.0,0,50,2,5.0,31,4,0,2,0,West Indies,India vs West Indies,ODI # 4175
Kemar Roach,10.0,0,36,3,3.6,41,2,1,0,0,West Indies,India vs West Indies,ODI # 4175
Oshane Thomas,7.0,0,63,0,9.0,18,7,2,2,0,West Indies,India vs West Indies,ODI # 4175
Fabian Allen,10.0,0,52,0,5.2,27,5,0,0,0,West Indies,India vs West Indies,ODI # 4175
Jason Holder,10.0,2,33,2,3.3,46,6,0,0,0,West Indies,India vs West Indies,ODI # 4175
Carlos Brathwaite,3.0,0,33,0,11.0,0,3,0,2,0,West Indies,India vs West Indies,ODI # 4175
Mohammed Shami,6.2,0,16,4,2.52,29,2,0,1,0,India,India vs West Indies,ODI # 4175
Jasprit Bumrah,6.0,1,9,2,1.5,28,0,0,0,0,India,India vs West Indies,ODI # 4175
Hardik Pandya,5.0,0,28,1,5.6,13,3,0,0,1,India,India vs West Indies,ODI # 4175
Kuldeep Yadav,9.0,1,35,1,3.88,28,1,0,2,0,India,India vs West Indies,ODI # 4175
Kedar Jadhav,1.0,0,4,0,4.0,5,1,0,0,0,India,India vs West Indies,ODI # 4175
Yuzvendra Chahal,7.0,0,39,2,5.57,24,5,1,0,0,India,India vs West Indies,ODI # 4175
Kagiso Rabada,10.0,2,36,2,3.6,40,3,0,2,0,South Africa,Sri Lanka vs South Africa,ODI # 4176
Chris Morris,9.3,0,46,3,4.84,36,4,1,3,0,South Africa,Sri Lanka vs South Africa,ODI # 4176
Dwaine Pretorius,10.0,2,25,3,2.5,46,3,0,1,0,South Africa,Sri Lanka vs South Africa,ODI # 4176
Andile Phehlukwayo,8.0,0,38,1,4.75,24,3,0,2,0,South Africa,Sri Lanka vs South Africa,ODI # 4176
Imran Tahir,10.0,0,36,0,3.6,34,2,0,0,0,South Africa,Sri Lanka vs South Africa,ODI # 4176
Jean-Paul Duminy,2.0,0,15,1,7.5,7,1,0,1,0,South Africa,Sri Lanka vs South Africa,ODI # 4176
Lasith Malinga,10.0,1,47,1,4.7,38,6,0,2,0,Sri Lanka,Sri Lanka vs South Africa,ODI # 4176
Dhananjaya de Silva,4.0,0,18,0,4.5,14,2,0,1,0,Sri Lanka,Sri Lanka vs South Africa,ODI # 4176
Suranga Lakmal,6.0,0,47,0,7.83,15,4,1,1,0,Sri Lanka,Sri Lanka vs South Africa,ODI # 4176
Thisara Perera,5.2,1,28,0,5.25,15,3,0,0,0,Sri Lanka,Sri Lanka vs South Africa,ODI # 4176
Jeevan Mendis,7.0,0,36,0,5.14,16,1,0,3,0,Sri Lanka,Sri Lanka vs South Africa,ODI # 4176
Isuru Udana,5.0,0,29,0,5.8,11,2,0,2,0,Sri Lanka,Sri Lanka vs South Africa,ODI # 4176
Imad Wasim,10.0,0,48,2,4.8,34,5,1,0,0,Pakistan,Afghanistan vs Pakistan,ODI # 4177
Mohammad Amir,10.0,1,41,0,4.1,39,6,0,1,0,Pakistan,Afghanistan vs Pakistan,ODI # 4177
Shaheen Shah Afridi,10.0,0,47,4,4.7,38,6,0,4,0,Pakistan,Afghanistan vs Pakistan,ODI # 4177
Mohammad Hafeez,2.0,0,10,0,5.0,4,0,0,0,0,Pakistan,Afghanistan vs Pakistan,ODI # 4177
Wahab Riaz,8.0,0,29,2,3.62,30,2,0,4,0,Pakistan,Afghanistan vs Pakistan,ODI # 4177
Shadab Khan,10.0,0,44,1,4.4,29,2,1,1,0,Pakistan,Afghanistan vs Pakistan,ODI # 4177
Mujeeb Ur Rahman,10.0,1,34,2,3.4,35,2,0,0,0,Afghanistan,Afghanistan vs Pakistan,ODI # 4177
Hamid Hassan,2.0,0,13,0,6.5,8,3,0,0,0,Afghanistan,Afghanistan vs Pakistan,ODI # 4177
Gulbadin Naib,9.4,0,73,0,7.55,20,9,0,1,0,Afghanistan,Afghanistan vs Pakistan,ODI # 4177
Mohammad Nabi,10.0,0,23,2,2.3,38,0,0,0,0,Afghanistan,Afghanistan vs Pakistan,ODI # 4177
Rashid Khan,10.0,0,50,1,5.0,35,4,1,3,0,Afghanistan,Afghanistan vs Pakistan,ODI # 4177
Samiullah Shinwari,8.0,0,32,0,4.0,27,2,0,1,0,Afghanistan,Afghanistan vs Pakistan,ODI # 4177
Trent Boult,10.0,1,51,4,5.1,35,6,0,0,0,New Zealand,Australia vs New Zealand,ODI # 4178
Colin de Grandhomme,8.0,1,29,0,3.62,31,3,0,1,0,New Zealand,Australia vs New Zealand,ODI # 4178
Lockie Ferguson,10.0,0,49,2,4.9,35,7,0,0,0,New Zealand,Australia vs New Zealand,ODI # 4178
Ish Sodhi,6.0,0,35,0,5.83,12,2,0,0,0,New Zealand,Australia vs New Zealand,ODI # 4178
James Neesham,6.0,0,28,2,4.66,21,4,0,1,0,New Zealand,Australia vs New Zealand,ODI # 4178
Mitchell Santner,3.0,0,23,0,7.66,8,2,0,1,0,New Zealand,Australia vs New Zealand,ODI # 4178
Kane Williamson,7.0,0,25,1,3.57,19,0,0,0,0,New Zealand,Australia vs New Zealand,ODI # 4178
Jason Behrendorff,9.0,0,31,2,3.44,37,2,0,3,0,Australia,Australia vs New Zealand,ODI # 4178
Mitchell Starc,9.4,1,26,5,2.68,45,2,0,4,0,Australia,Australia vs New Zealand,ODI # 4178
Pat Cummins,6.0,1,14,1,2.33,28,2,0,0,0,Australia,Australia vs New Zealand,ODI # 4178
Nathan Lyon,10.0,0,36,1,3.6,37,1,1,1,0,Australia,Australia vs New Zealand,ODI # 4178
Steven Smith,2.0,0,6,1,3.0,6,0,0,0,0,Australia,Australia vs New Zealand,ODI # 4178
Aaron Finch,1.0,0,7,0,7.0,2,1,0,0,0,Australia,Australia vs New Zealand,ODI # 4178
Marcus Stoinis,2.0,0,12,0,6.0,7,0,1,0,0,Australia,Australia vs New Zealand,ODI # 4178
Glenn Maxwell,4.0,0,18,0,4.5,10,1,0,0,0,Australia,Australia vs New Zealand,ODI # 4178
Mohammed Shami,10.0,1,69,5,6.9,37,8,3,1,0,India,England vs India,ODI # 4179
Jasprit Bumrah,10.0,1,44,1,4.4,30,3,0,0,0,India,England vs India,ODI # 4179
Yuzvendra Chahal,10.0,0,88,0,8.8,28,7,6,2,0,India,England vs India,ODI # 4179
Hardik Pandya,10.0,0,60,0,6.0,22,4,1,1,0,India,England vs India,ODI # 4179
Kuldeep Yadav,10.0,0,72,1,7.2,25,5,3,0,0,India,England vs India,ODI # 4179
Chris Woakes,10.0,3,58,2,5.8,35,7,1,0,0,England,England vs India,ODI # 4179
Jofra Archer,10.0,0,45,0,4.5,33,5,0,0,0,England,England vs India,ODI # 4179
Liam Plunkett,10.0,0,55,3,5.5,27,4,0,4,0,England,England vs India,ODI # 4179
Mark Wood,10.0,0,73,0,7.3,19,9,0,1,0,England,England vs India,ODI # 4179
Adil Rashid,6.0,0,40,0,6.66,12,5,0,1,0,England,England vs India,ODI # 4179
Ben Stokes,4.0,0,34,0,8.5,7,5,0,0,0,England,England vs India,ODI # 4179
Sheldon Cottrell,10.0,0,69,1,6.9,28,5,2,2,0,West Indies,Sri Lanka vs West Indies,ODI # 4180
Oshane Thomas,10.0,1,58,1,5.8,32,7,0,0,2,West Indies,Sri Lanka vs West Indies,ODI # 4180
Shannon Gabriel,5.0,0,46,0,9.2,12,7,0,1,1,West Indies,Sri Lanka vs West Indies,ODI # 4180
Jason Holder,10.0,0,59,2,5.9,24,4,0,1,2,West Indies,Sri Lanka vs West Indies,ODI # 4180
Carlos Brathwaite,7.0,0,53,0,7.57,15,5,0,1,0,West Indies,Sri Lanka vs West Indies,ODI # 4180
Fabian Allen,8.0,0,44,1,5.5,23,4,1,0,0,West Indies,Sri Lanka vs West Indies,ODI # 4180
Lasith Malinga,10.0,0,55,3,5.5,34,6,0,4,1,Sri Lanka,Sri Lanka vs West Indies,ODI # 4180
Dhananjaya de Silva,10.0,0,49,0,4.9,31,4,1,0,0,Sri Lanka,Sri Lanka vs West Indies,ODI # 4180
Isuru Udana,10.0,0,67,0,6.7,27,7,1,3,0,Sri Lanka,Sri Lanka vs West Indies,ODI # 4180
Kasun Rajitha,10.0,0,76,1,7.6,28,6,4,4,1,Sri Lanka,Sri Lanka vs West Indies,ODI # 4180
Jeffrey Vandersay,7.0,0,50,1,7.14,19,5,0,4,0,Sri Lanka,Sri Lanka vs West Indies,ODI # 4180
Dimuth Karunaratne,1.0,0,7,0,7.0,4,0,1,0,0,Sri Lanka,Sri Lanka vs West Indies,ODI # 4180
Angelo Mathews,2.0,0,6,1,3.0,7,0,0,0,0,Sri Lanka,Sri Lanka vs West Indies,ODI # 4180
Mashrafe Mortaza,5.0,0,36,0,7.2,15,2,2,1,0,Bangladesh,India vs Bangladesh,ODI # 4182
Mohammad Saifuddin,7.0,0,59,0,8.42,17,9,1,0,0,Bangladesh,India vs Bangladesh,ODI # 4182
Mustafizur Rahman,10.0,1,59,5,5.9,29,5,1,2,1,Bangladesh,India vs Bangladesh,ODI # 4182
Shakib Al Hasan,10.0,0,41,1,4.1,32,2,1,1,0,Bangladesh,India vs Bangladesh,ODI # 4182
Mosaddek Hossain,4.0,0,32,0,8.0,7,1,2,1,0,Bangladesh,India vs Bangladesh,ODI # 4182
Rubel Hossain,8.0,0,48,1,6.0,21,6,0,0,0,Bangladesh,India vs Bangladesh,ODI # 4182
Soumya Sarkar,6.0,0,33,1,5.5,15,2,0,1,0,Bangladesh,India vs Bangladesh,ODI # 4182
Bhuvneshwar Kumar,9.0,0,51,1,5.66,26,2,1,3,0,India,India vs Bangladesh,ODI # 4182
Jasprit Bumrah,10.0,1,55,4,5.5,33,7,0,2,0,India,India vs Bangladesh,ODI # 4182
Mohammed Shami,9.0,0,68,1,7.55,22,11,0,1,0,India,India vs Bangladesh,ODI # 4182
Yuzvendra Chahal,10.0,0,50,1,5.0,31,6,0,2,0,India,India vs Bangladesh,ODI # 4182
Hardik Pandya,10.0,0,60,3,6.0,26,5,1,2,0,India,India vs Bangladesh,ODI # 4182
Mitchell Santner,10.0,0,65,1,6.5,24,7,0,2,0,New Zealand,England vs New Zealand,ODI # 4192
Trent Boult,10.0,0,56,2,5.6,30,6,0,1,0,New Zealand,England vs New Zealand,ODI # 4192
Tim Southee,9.0,0,70,1,7.77,23,10,1,0,0,New Zealand,England vs New Zealand,ODI # 4192
Matt Henry,10.0,0,54,2,5.4,30,5,0,2,0,New Zealand,England vs New Zealand,ODI # 4192
Colin de Grandhomme,1.0,0,11,0,11.0,1,2,0,0,0,New Zealand,England vs New Zealand,ODI # 4192
James Neesham,10.0,1,41,2,4.1,31,2,0,2,0,New Zealand,England vs New Zealand,ODI # 4192
Chris Woakes,8.0,0,44,1,5.5,29,6,0,1,0,England,England vs New Zealand,ODI # 4192
Jofra Archer,7.0,1,17,1,2.42,31,1,0,1,0,England,England vs New Zealand,ODI # 4192
Liam Plunkett,8.0,0,28,1,3.5,26,1,0,1,0,England,England vs New Zealand,ODI # 4192
Mark Wood,9.0,0,34,3,3.77,35,2,0,2,0,England,England vs New Zealand,ODI # 4192
Joe Root,3.0,0,15,0,5.0,7,1,0,0,0,England,England vs New Zealand,ODI # 4192
Adil Rashid,5.0,0,30,1,6.0,12,3,0,0,0,England,England vs New Zealand,ODI # 4192
Ben Stokes,5.0,0,10,1,2.0,21,0,0,1,0,England,England vs New Zealand,ODI # 4192
Mujeeb Ur Rahman,10.0,0,52,0,5.2,35,6,1,2,0,Afghanistan,West Indies vs Afghanistan,ODI # 4184
Dawlat Zadran,9.0,1,73,2,8.11,28,6,4,1,0,Afghanistan,West Indies vs Afghanistan,ODI # 4184
Sayed Shirzad,8.0,0,56,1,7.0,18,4,2,0,0,Afghanistan,West Indies vs Afghanistan,ODI # 4184
Gulbadin Naib,3.0,0,18,0,6.0,10,1,1,0,0,Afghanistan,West Indies vs Afghanistan,ODI # 4184
Mohammad Nabi,10.0,0,56,1,5.6,32,4,3,0,0,Afghanistan,West Indies vs Afghanistan,ODI # 4184
Rashid Khan,10.0,0,52,1,5.2,31,4,1,2,0,Afghanistan,West Indies vs Afghanistan,ODI # 4184
Sheldon Cottrell,7.0,0,43,0,6.14,21,4,1,3,0,West Indies,West Indies vs Afghanistan,ODI # 4184
Kemar Roach,10.0,2,37,3,3.7,36,3,0,1,0,West Indies,West Indies vs Afghanistan,ODI # 4184
Oshane Thomas,7.0,0,43,1,6.14,23,6,1,0,0,West Indies,West Indies vs Afghanistan,ODI # 4184
Jason Holder,8.0,0,46,0,5.75,26,6,0,2,1,West Indies,West Indies vs Afghanistan,ODI # 4184
Fabian Allen,3.0,0,26,0,8.66,5,4,0,0,0,West Indies,West Indies vs Afghanistan,ODI # 4184
Carlos Brathwaite,9.0,0,63,4,7.0,22,3,3,3,1,West Indies,West Indies vs Afghanistan,ODI # 4184
Chris Gayle,6.0,0,28,1,4.66,16,1,0,1,0,West Indies,West Indies vs Afghanistan,ODI # 4184
Mehidy Hasan Miraz,10.0,0,30,1,3.0,38,0,0,1,0,Bangladesh,Pakistan vs Bangladesh,ODI # 4186
Mohammad Saifuddin,9.0,0,77,3,8.55,22,10,1,3,1,Bangladesh,Pakistan vs Bangladesh,ODI # 4186
Mustafizur Rahman,10.0,0,75,5,7.5,24,12,0,1,0,Bangladesh,Pakistan vs Bangladesh,ODI # 4186
Mashrafe Mortaza,7.0,0,46,0,6.57,12,2,0,0,0,Bangladesh,Pakistan vs Bangladesh,ODI # 4186
Shakib Al Hasan,10.0,0,57,0,5.7,20,3,0,1,0,Bangladesh,Pakistan vs Bangladesh,ODI # 4186
Mosaddek Hossain,4.0,0,27,0,6.75,10,3,0,1,0,Bangladesh,Pakistan vs Bangladesh,ODI # 4186
Mohammad Hafeez,6.0,1,32,0,5.33,18,4,0,0,0,Pakistan,Pakistan vs Bangladesh,ODI # 4186
Mohammad Amir,7.0,0,31,1,4.42,23,3,0,1,0,Pakistan,Pakistan vs Bangladesh,ODI # 4186
Shaheen Shah Afridi,9.1,0,35,6,3.81,34,1,1,4,0,Pakistan,Pakistan vs Bangladesh,ODI # 4186
Wahab Riaz,7.0,0,33,1,4.71,22,3,0,1,0,Pakistan,Pakistan vs Bangladesh,ODI # 4186
Imad Wasim,6.0,0,26,0,4.33,16,2,0,0,0,Pakistan,Pakistan vs Bangladesh,ODI # 4186
Shadab Khan,9.0,0,59,2,6.55,24,7,1,0,0,Pakistan,Pakistan vs Bangladesh,ODI # 4186
Bhuvneshwar Kumar,10.0,0,73,1,7.3,26,10,0,3,0,India,Sri Lanka vs India,ODI # 4187
Jasprit Bumrah,10.0,2,37,3,3.7,36,3,0,2,0,India,Sri Lanka vs India,ODI # 4187
Hardik Pandya,10.0,0,50,1,5.0,25,4,0,1,1,India,Sri Lanka vs India,ODI # 4187
Ravindra Jadeja,10.0,0,40,1,4.0,37,1,2,0,0,India,Sri Lanka vs India,ODI # 4187
Kuldeep Yadav,10.0,0,58,1,5.8,26,6,0,1,0,India,Sri Lanka vs India,ODI # 4187
Lasith Malinga,10.0,1,82,1,8.2,20,12,0,4,0,Sri Lanka,Sri Lanka vs India,ODI # 4187
Kasun Rajitha,8.0,0,47,1,5.87,26,8,0,0,0,Sri Lanka,Sri Lanka vs India,ODI # 4187
Isuru Udana,9.3,0,50,1,5.26,29,6,0,0,0,Sri Lanka,Sri Lanka vs India,ODI # 4187
Thisara Perera,10.0,0,34,0,3.4,32,1,0,0,0,Sri Lanka,Sri Lanka vs India,ODI # 4187
Dhananjaya de Silva,6.0,0,51,0,8.5,13,3,3,1,0,Sri Lanka,Sri Lanka vs India,ODI # 4187
Mitchell Starc,9.0,0,59,2,6.55,27,7,0,4,0,Australia,South Africa vs Australia,ODI # 4188
Jason Behrendorff,8.0,0,55,1,6.87,21,6,1,0,0,Australia,South Africa vs Australia,ODI # 4188
Nathan Lyon,10.0,0,53,2,5.3,32,4,2,0,0,Australia,South Africa vs Australia,ODI # 4188
Pat Cummins,9.0,0,66,1,7.33,28,6,2,3,0,Australia,South Africa vs Australia,ODI # 4188
Steven Smith,1.0,0,5,0,5.0,4,1,0,0,0,Australia,South Africa vs Australia,ODI # 4188
Marcus Stoinis,3.0,0,19,0,6.33,5,1,0,1,0,Australia,South Africa vs Australia,ODI # 4188
Glenn Maxwell,10.0,0,57,0,5.7,22,1,2,1,0,Australia,South Africa vs Australia,ODI # 4188
Imran Tahir,9.0,0,59,1,6.55,23,7,1,0,0,South Africa,South Africa vs Australia,ODI # 4188
Kagiso Rabada,10.0,0,56,3,5.6,33,6,1,0,0,South Africa,South Africa vs Australia,ODI # 4188
Dwaine Pretorius,6.0,2,27,2,4.5,26,5,0,1,0,South Africa,South Africa vs Australia,ODI # 4188
Chris Morris,9.0,0,63,1,7.0,24,7,2,0,0,South Africa,South Africa vs Australia,ODI # 4188
Tabraiz Shamsi,9.0,0,62,0,6.88,20,7,0,1,0,South Africa,South Africa vs Australia,ODI # 4188
Andile Phehlukwayo,2.5,0,22,2,7.76,5,2,0,1,0,South Africa,South Africa vs Australia,ODI # 4188
Jean-Paul Duminy,4.0,0,22,0,5.5,11,3,0,0,0,South Africa,South Africa vs Australia,ODI # 4188
Bhuvneshwar Kumar,10.0,1,43,3,4.3,32,2,0,0,0,India,New Zealand vs India,ODI # 4190
Jasprit Bumrah,10.0,1,39,1,3.9,31,1,0,0,0,India,New Zealand vs India,ODI # 4190
Hardik Pandya,10.0,0,55,1,5.5,29,5,0,5,0,India,New Zealand vs India,ODI # 4190
Ravindra Jadeja,10.0,0,34,1,3.4,38,2,0,0,0,India,New Zealand vs India,ODI # 4190
Yuzvendra Chahal,10.0,0,63,1,6.3,28,5,1,4,0,India,New Zealand vs India,ODI # 4190
Trent Boult,10.0,2,42,2,4.2,36,4,0,3,0,New Zealand,New Zealand vs India,ODI # 4190
Matt Henry,10.0,1,37,3,3.7,42,5,0,3,0,New Zealand,New Zealand vs India,ODI # 4190
Lockie Ferguson,10.0,0,43,1,4.3,36,1,2,2,0,New Zealand,New Zealand vs India,ODI # 4190
Colin de Grandhomme,2.0,0,13,0,6.5,4,0,0,1,0,New Zealand,New Zealand vs India,ODI # 4190
James Neesham,7.3,0,49,1,6.53,22,3,1,3,0,New Zealand,New Zealand vs India,ODI # 4190
Mitchell Santner,10.0,2,34,2,3.4,40,0,2,1,0,New Zealand,New Zealand vs India,ODI # 4190
Chris Woakes,8.0,0,20,3,2.5,37,3,0,0,0,England,Australia vs England,ODI # 4191
Jofra Archer,10.0,0,32,2,3.2,38,1,0,2,0,England,Australia vs England,ODI # 4191
Ben Stokes,4.0,0,22,0,5.5,12,2,0,0,0,England,Australia vs England,ODI # 4191
Mark Wood,9.0,0,45,1,5.0,27,3,0,4,0,England,Australia vs England,ODI # 4191
Liam Plunkett,8.0,0,44,0,5.5,25,3,1,3,0,England,Australia vs England,ODI # 4191
Adil Rashid,10.0,0,54,3,5.4,26,3,1,1,0,England,Australia vs England,ODI # 4191
Jason Behrendorff,8.1,2,38,0,4.65,31,5,0,1,0,Australia,Australia vs England,ODI # 4191
Mitchell Starc,9.0,0,70,1,7.77,31,12,1,3,0,Australia,Australia vs England,ODI # 4191
Pat Cummins,7.0,0,34,1,4.85,28,4,0,2,0,Australia,Australia vs England,ODI # 4191
Nathan Lyon,5.0,0,49,0,9.8,9,7,1,0,0,Australia,Australia vs England,ODI # 4191
Steven Smith,1.0,0,21,0,21.0,1,0,3,1,0,Australia,Australia vs England,ODI # 4191
Marcus Stoinis,2.0,0,13,0,6.5,7,2,0,1,0,Australia,Australia vs England,ODI # 4191
Chris Woakes,9.0,0,37,3,4.11,37,3,0,4,1,England,New Zealand vs England,ODI # 4192
Jofra Archer,10.0,0,42,1,4.2,33,1,1,5,0,England,New Zealand vs England,ODI # 4192
Liam Plunkett,10.0,0,42,3,4.2,36,4,0,0,0,England,New Zealand vs England,ODI # 4192
Mark Wood,10.0,1,49,1,4.9,33,3,1,2,0,England,New Zealand vs England,ODI # 4192
Adil Rashid,8.0,0,39,0,4.87,15,1,0,0,0,England,New Zealand vs England,ODI # 4192
Ben Stokes,3.0,0,20,0,6.66,6,2,0,2,0,England,New Zealand vs England,ODI # 4192
Trent Boult,10.0,0,67,0,6.7,31,8,1,2,0,New Zealand,New Zealand vs England,ODI # 4192
Matt Henry,10.0,2,40,1,4.0,39,5,0,0,0,New Zealand,New Zealand vs England,ODI # 4192
Colin de Grandhomme,10.0,2,25,1,2.5,41,1,0,1,0,New Zealand,New Zealand vs England,ODI # 4192
Lockie Ferguson,10.0,0,50,3,5.0,35,5,0,3,0,New Zealand,New Zealand vs England,ODI # 4192
James Neesham,7.0,0,43,3,6.14,19,3,1,1,0,New Zealand,New Zealand vs England,ODI # 4192
Mitchell Santner,3.0,0,11,0,3.66,8,0,0,1,0,New Zealand,New Zealand vs England,ODI # 4192
