Match,Team_Innings,Batting_Pos,Batsman,Runs,Balls,4s,6s,SR,out,ScoreID
England vs South Africa,England,1,Jason Roy ,54,53,8,0,101.88,1,ODI # 4143
England vs South Africa,England,2,Jonny Bairstow ,0,1,0,0,0,1,ODI # 4143
England vs South Africa,England,3,Joe Root ,51,59,5,0,86.44,1,ODI # 4143
England vs South Africa,England,4,Eoin Morgan ,57,60,4,3,95,1,ODI # 4143
England vs South Africa,England,5,Ben Stokes ,89,79,9,0,112.65,1,ODI # 4143
England vs South Africa,England,6,Jos Buttler ,18,16,0,0,112.5,1,ODI # 4143
England vs South Africa,England,7,Moeen Ali ,3,9,0,0,33.33,1,ODI # 4143
England vs South Africa,England,8,Chris Woakes ,13,14,1,0,92.85,1,ODI # 4143
England vs South Africa,England,9,Liam Plunkett ,9,6,1,0,150,0,ODI # 4143
England vs South Africa,England,10,Jofra Archer ,7,3,1,0,233.33,0,ODI # 4143
England vs South Africa,South Africa,1,Quinton de Kock ,68,74,6,2,91.89,1,ODI # 4143
England vs South Africa,South Africa,2,Hashim Amla ,13,23,1,0,56.52,1,ODI # 4143
England vs South Africa,South Africa,3,Aiden Markram ,11,12,2,0,91.66,1,ODI # 4143
England vs South Africa,South Africa,4,Faf du Plessis ,5,7,1,0,71.42,1,ODI # 4143
England vs South Africa,South Africa,5,Rassie van der Dussen ,50,61,4,1,81.96,1,ODI # 4143
England vs South Africa,South Africa,6,Jean-Paul Duminy ,8,11,1,0,72.72,1,ODI # 4143
England vs South Africa,South Africa,7,Dwaine Pretorius ,1,1,0,0,100,1,ODI # 4143
England vs South Africa,South Africa,8,Andile Phehlukwayo ,24,25,4,0,96,1,ODI # 4143
England vs South Africa,South Africa,9,Kagiso Rabada ,11,19,2,0,57.89,1,ODI # 4143
England vs South Africa,South Africa,10,Lungi Ngidi ,6,5,0,1,120,0,ODI # 4143
England vs South Africa,South Africa,11,Imran Tahir ,0,1,0,0,0,1,ODI # 4143
Pakistan vs West Indies,Pakistan,1,Imam-ul-Haq ,2,11,0,0,18.18,1,ODI # 4144
Pakistan vs West Indies,Pakistan,2,Fakhar Zaman ,22,16,2,1,137.5,1,ODI # 4144
Pakistan vs West Indies,Pakistan,3,Babar Azam ,22,33,2,0,66.66,1,ODI # 4144
Pakistan vs West Indies,Pakistan,4,Haris Sohail ,8,11,1,0,72.72,1,ODI # 4144
Pakistan vs West Indies,Pakistan,5,Sarfaraz Ahmed ,8,12,1,0,66.66,1,ODI # 4144
Pakistan vs West Indies,Pakistan,6,Mohammad Hafeez ,16,24,2,0,66.66,1,ODI # 4144
Pakistan vs West Indies,Pakistan,7,Imad Wasim ,1,3,0,0,33.33,1,ODI # 4144
Pakistan vs West Indies,Pakistan,8,Shadab Khan ,0,1,0,0,0,1,ODI # 4144
Pakistan vs West Indies,Pakistan,9,Hasan Ali ,1,4,0,0,25,1,ODI # 4144
Pakistan vs West Indies,Pakistan,10,Wahab Riaz ,18,11,1,2,163.63,1,ODI # 4144
Pakistan vs West Indies,Pakistan,11,Mohammad Amir ,3,6,0,0,50,0,ODI # 4144
Pakistan vs West Indies,West Indies,1,Chris Gayle ,50,34,6,3,147.05,1,ODI # 4144
Pakistan vs West Indies,West Indies,2,Shai Hope ,11,17,1,0,64.7,1,ODI # 4144
Pakistan vs West Indies,West Indies,3,Darren Bravo ,0,4,0,0,0,1,ODI # 4144
Pakistan vs West Indies,West Indies,4,Nicholas Pooran ,34,19,4,2,178.94,0,ODI # 4144
Pakistan vs West Indies,West Indies,5,Shimron Hetmyer ,7,8,0,0,87.5,0,ODI # 4144
Sri Lanka vs New Zealand,Sri Lanka,1,Lahiru Thirimanne ,4,2,1,0,200,1,ODI # 4145
Sri Lanka vs New Zealand,Sri Lanka,2,Dimuth Karunaratne ,52,84,4,0,61.9,0,ODI # 4145
Sri Lanka vs New Zealand,Sri Lanka,3,Kusal Perera ,29,24,4,0,120.83,1,ODI # 4145
Sri Lanka vs New Zealand,Sri Lanka,4,Kusal Mendis ,0,1,0,0,0,1,ODI # 4145
Sri Lanka vs New Zealand,Sri Lanka,5,Dhananjaya de Silva ,4,13,1,0,30.76,1,ODI # 4145
Sri Lanka vs New Zealand,Sri Lanka,6,Angelo Mathews ,0,9,0,0,0,1,ODI # 4145
Sri Lanka vs New Zealand,Sri Lanka,7,Jeevan Mendis ,1,4,0,0,25,1,ODI # 4145
Sri Lanka vs New Zealand,Sri Lanka,8,Thisara Perera ,27,23,0,2,117.39,1,ODI # 4145
Sri Lanka vs New Zealand,Sri Lanka,9,Isuru Udana ,0,3,0,0,0,1,ODI # 4145
Sri Lanka vs New Zealand,Sri Lanka,10,Suranga Lakmal ,7,13,1,0,53.84,1,ODI # 4145
Sri Lanka vs New Zealand,Sri Lanka,11,Lasith Malinga ,1,2,0,0,50,1,ODI # 4145
Sri Lanka vs New Zealand,New Zealand,1,Martin Guptill ,73,51,8,2,143.13,0,ODI # 4145
Sri Lanka vs New Zealand,New Zealand,2,Colin Munro ,58,47,6,1,123.4,0,ODI # 4145
Afghanistan vs Australia,Afghanistan,1,Mohammad Shahzad ,0,3,0,0,0,1,ODI # 4146
Afghanistan vs Australia,Afghanistan,2,Hazratullah Zazai ,0,2,0,0,0,1,ODI # 4146
Afghanistan vs Australia,Afghanistan,3,Rahmat Shah ,43,60,6,0,71.66,1,ODI # 4146
Afghanistan vs Australia,Afghanistan,4,Hashmatullah Shahidi ,18,34,3,0,52.94,1,ODI # 4146
Afghanistan vs Australia,Afghanistan,5,Mohammad Nabi ,7,22,0,0,31.81,1,ODI # 4146
Afghanistan vs Australia,Afghanistan,6,Gulbadin Naib ,31,33,4,1,93.93,1,ODI # 4146
Afghanistan vs Australia,Afghanistan,7,Najibullah Zadran ,51,49,7,2,104.08,1,ODI # 4146
Afghanistan vs Australia,Afghanistan,8,Rashid Khan ,27,11,2,3,245.45,1,ODI # 4146
Afghanistan vs Australia,Afghanistan,9,Dawlat Zadran ,4,6,1,0,66.66,1,ODI # 4146
Afghanistan vs Australia,Afghanistan,10,Mujeeb Ur Rahman ,13,9,1,1,144.44,1,ODI # 4146
Afghanistan vs Australia,Afghanistan,11,Hamid Hassan ,1,2,0,0,50,0,ODI # 4146
Afghanistan vs Australia,Australia,1,Aaron Finch ,66,49,6,4,134.69,1,ODI # 4146
Afghanistan vs Australia,Australia,2,David Warner ,89,114,8,0,78.07,0,ODI # 4146
Afghanistan vs Australia,Australia,3,Usman Khawaja ,15,20,1,0,75,1,ODI # 4146
Afghanistan vs Australia,Australia,4,Steven Smith ,18,27,1,0,66.66,1,ODI # 4146
Afghanistan vs Australia,Australia,5,Glenn Maxwell ,4,1,1,0,400,0,ODI # 4146
Bangladesh vs South Africa,Bangladesh,1,Tamim Iqbal ,16,29,2,0,55.17,1,ODI # 4147
Bangladesh vs South Africa,Bangladesh,2,Soumya Sarkar ,42,30,9,0,140,1,ODI # 4147
Bangladesh vs South Africa,Bangladesh,3,Shakib Al Hasan ,75,84,8,1,89.28,1,ODI # 4147
Bangladesh vs South Africa,Bangladesh,4,Mushfiqur Rahim ,78,80,8,0,97.5,1,ODI # 4147
Bangladesh vs South Africa,Bangladesh,5,Mohammad Mithun ,21,21,2,1,100,1,ODI # 4147
Bangladesh vs South Africa,Bangladesh,6,Mahmudullah ,46,33,3,1,139.39,0,ODI # 4147
Bangladesh vs South Africa,Bangladesh,7,Mosaddek Hossain ,26,20,4,0,130,1,ODI # 4147
Bangladesh vs South Africa,Bangladesh,8,Mehidy Hasan Miraz ,5,3,1,0,166.66,0,ODI # 4147
Bangladesh vs South Africa,South Africa,1,Quinton de Kock ,23,32,4,0,71.87,1,ODI # 4147
Bangladesh vs South Africa,South Africa,2,Aiden Markram ,45,56,4,0,80.35,1,ODI # 4147
Bangladesh vs South Africa,South Africa,3,Faf du Plessis ,62,53,5,1,116.98,1,ODI # 4147
Bangladesh vs South Africa,South Africa,4,David Miller ,38,43,2,0,88.37,1,ODI # 4147
Bangladesh vs South Africa,South Africa,5,Rassie van der Dussen ,41,38,2,1,107.89,1,ODI # 4147
Bangladesh vs South Africa,South Africa,6,Jean-Paul Duminy ,45,37,4,0,121.62,1,ODI # 4147
Bangladesh vs South Africa,South Africa,7,Andile Phehlukwayo ,8,13,1,0,61.53,1,ODI # 4147
Bangladesh vs South Africa,South Africa,8,Chris Morris ,10,10,1,0,100,1,ODI # 4147
Bangladesh vs South Africa,South Africa,9,Kagiso Rabada ,13,9,0,1,144.44,0,ODI # 4147
Bangladesh vs South Africa,South Africa,10,Imran Tahir ,10,10,0,0,100,0,ODI # 4147
Pakistan vs England,Pakistan,1,Imam-ul-Haq ,44,58,3,1,75.86,1,ODI # 4148
Pakistan vs England,Pakistan,2,Fakhar Zaman ,36,40,6,0,90,1,ODI # 4148
Pakistan vs England,Pakistan,3,Babar Azam ,63,66,4,1,95.45,1,ODI # 4148
Pakistan vs England,Pakistan,4,Mohammad Hafeez ,84,62,8,2,135.48,1,ODI # 4148
Pakistan vs England,Pakistan,5,Sarfaraz Ahmed ,55,44,5,0,125,1,ODI # 4148
Pakistan vs England,Pakistan,6,Asif Ali ,14,11,0,1,127.27,1,ODI # 4148
Pakistan vs England,Pakistan,7,Shoaib Malik ,8,8,0,0,100,1,ODI # 4148
Pakistan vs England,Pakistan,8,Wahab Riaz ,4,2,1,0,200,1,ODI # 4148
Pakistan vs England,Pakistan,9,Hasan Ali ,10,5,0,1,200,0,ODI # 4148
Pakistan vs England,Pakistan,10,Shadab Khan ,10,4,2,0,250,0,ODI # 4148
Pakistan vs England,England,1,Jason Roy ,8,7,2,0,114.28,1,ODI # 4148
Pakistan vs England,England,2,Jonny Bairstow ,32,31,4,1,103.22,1,ODI # 4148
Pakistan vs England,England,3,Joe Root ,107,104,10,1,102.88,1,ODI # 4148
Pakistan vs England,England,4,Eoin Morgan ,9,18,1,0,50,1,ODI # 4148
Pakistan vs England,England,5,Ben Stokes ,13,18,1,0,72.22,1,ODI # 4148
Pakistan vs England,England,6,Jos Buttler ,103,76,9,2,135.52,1,ODI # 4148
Pakistan vs England,England,7,Moeen Ali ,19,20,1,0,95,1,ODI # 4148
Pakistan vs England,England,8,Chris Woakes ,21,14,1,1,150,1,ODI # 4148
Pakistan vs England,England,9,Jofra Archer ,1,2,0,0,50,1,ODI # 4148
Pakistan vs England,England,10,Adil Rashid ,3,4,0,0,75,0,ODI # 4148
Pakistan vs England,England,11,Mark Wood ,10,6,2,0,166.66,0,ODI # 4148
Sri Lanka vs Afghanistan,Sri Lanka,1,Dimuth Karunaratne ,30,45,3,0,66.66,1,ODI # 4149
Sri Lanka vs Afghanistan,Sri Lanka,2,Kusal Perera ,78,81,8,0,96.29,1,ODI # 4149
Sri Lanka vs Afghanistan,Sri Lanka,3,Lahiru Thirimanne ,25,34,1,0,73.52,1,ODI # 4149
Sri Lanka vs Afghanistan,Sri Lanka,4,Kusal Mendis ,2,2,0,0,100,1,ODI # 4149
Sri Lanka vs Afghanistan,Sri Lanka,5,Angelo Mathews ,0,2,0,0,0,1,ODI # 4149
Sri Lanka vs Afghanistan,Sri Lanka,6,Dhananjaya de Silva ,0,4,0,0,0,1,ODI # 4149
Sri Lanka vs Afghanistan,Sri Lanka,7,Thisara Perera ,2,4,0,0,50,1,ODI # 4149
Sri Lanka vs Afghanistan,Sri Lanka,8,Isuru Udana ,10,21,0,1,47.61,1,ODI # 4149
Sri Lanka vs Afghanistan,Sri Lanka,9,Suranga Lakmal ,15,13,2,0,115.38,0,ODI # 4149
Sri Lanka vs Afghanistan,Sri Lanka,10,Lasith Malinga ,4,14,1,0,28.57,1,ODI # 4149
Sri Lanka vs Afghanistan,Sri Lanka,11,Nuwan Pradeep ,0,4,0,0,0,1,ODI # 4149
Sri Lanka vs Afghanistan,Afghanistan,1,Mohammad Shahzad ,7,12,1,0,58.33,1,ODI # 4149
Sri Lanka vs Afghanistan,Afghanistan,2,Hazratullah Zazai ,30,25,3,1,120,1,ODI # 4149
Sri Lanka vs Afghanistan,Afghanistan,3,Rahmat Shah ,2,11,0,0,18.18,1,ODI # 4149
Sri Lanka vs Afghanistan,Afghanistan,4,Hashmatullah Shahidi ,4,17,0,0,23.52,1,ODI # 4149
Sri Lanka vs Afghanistan,Afghanistan,5,Mohammad Nabi ,11,16,1,0,68.75,1,ODI # 4149
Sri Lanka vs Afghanistan,Afghanistan,6,Gulbadin Naib ,23,32,2,0,71.87,1,ODI # 4149
Sri Lanka vs Afghanistan,Afghanistan,7,Najibullah Zadran ,43,56,6,0,76.78,1,ODI # 4149
Sri Lanka vs Afghanistan,Afghanistan,8,Rashid Khan ,2,4,0,0,50,1,ODI # 4149
Sri Lanka vs Afghanistan,Afghanistan,9,Dawlat Zadran ,6,18,1,0,33.33,1,ODI # 4149
Sri Lanka vs Afghanistan,Afghanistan,10,Hamid Hassan ,6,5,0,1,120,1,ODI # 4149
Sri Lanka vs Afghanistan,Afghanistan,11,Mujeeb Ur Rahman ,1,1,0,0,100,0,ODI # 4149
South Africa vs India,South Africa,1,Hashim Amla ,6,9,1,0,66.66,1,ODI # 4150
South Africa vs India,South Africa,2,Quinton de Kock ,10,17,1,0,58.82,1,ODI # 4150
South Africa vs India,South Africa,3,Faf du Plessis ,38,54,4,0,70.37,1,ODI # 4150
South Africa vs India,South Africa,4,Rassie van der Dussen ,22,37,1,0,59.45,1,ODI # 4150
South Africa vs India,South Africa,5,David Miller ,31,40,1,0,77.5,1,ODI # 4150
South Africa vs India,South Africa,6,Jean-Paul Duminy ,3,11,0,0,27.27,1,ODI # 4150
South Africa vs India,South Africa,7,Andile Phehlukwayo ,34,61,2,1,55.73,1,ODI # 4150
South Africa vs India,South Africa,8,Chris Morris ,42,34,1,2,123.52,1,ODI # 4150
South Africa vs India,South Africa,9,Kagiso Rabada ,31,35,2,0,88.57,0,ODI # 4150
South Africa vs India,South Africa,10,Imran Tahir ,0,2,0,0,0,1,ODI # 4150
South Africa vs India,India,1,Shikhar Dhawan ,8,12,1,0,66.66,1,ODI # 4150
South Africa vs India,India,2,Rohit Sharma ,122,144,13,2,84.72,0,ODI # 4150
South Africa vs India,India,3,Virat Kohli ,18,34,1,0,52.94,1,ODI # 4150
South Africa vs India,India,4,KL Rahul ,26,42,2,0,61.9,1,ODI # 4150
South Africa vs India,India,5,MS Dhoni ,34,46,2,0,73.91,1,ODI # 4150
South Africa vs India,India,6,Hardik Pandya ,15,7,3,0,214.28,0,ODI # 4150
Bangladesh vs New Zealand,Bangladesh,1,Tamim Iqbal ,24,38,3,0,63.15,1,ODI # 4151
Bangladesh vs New Zealand,Bangladesh,2,Soumya Sarkar ,25,25,3,0,100,1,ODI # 4151
Bangladesh vs New Zealand,Bangladesh,3,Shakib Al Hasan ,64,68,7,0,94.11,1,ODI # 4151
Bangladesh vs New Zealand,Bangladesh,4,Mushfiqur Rahim ,19,35,2,0,54.28,1,ODI # 4151
Bangladesh vs New Zealand,Bangladesh,5,Mohammad Mithun ,26,33,3,0,78.78,1,ODI # 4151
Bangladesh vs New Zealand,Bangladesh,6,Mahmudullah ,20,41,0,0,48.78,1,ODI # 4151
Bangladesh vs New Zealand,Bangladesh,7,Mosaddek Hossain ,11,22,0,0,50,1,ODI # 4151
Bangladesh vs New Zealand,Bangladesh,8,Mohammad Saifuddin ,29,23,3,1,126.08,1,ODI # 4151
Bangladesh vs New Zealand,Bangladesh,9,Mehidy Hasan Miraz ,7,9,0,0,77.77,1,ODI # 4151
Bangladesh vs New Zealand,Bangladesh,10,Mashrafe Mortaza ,1,2,0,0,50,1,ODI # 4151
Bangladesh vs New Zealand,Bangladesh,11,Mustafizur Rahman ,0,0,0,0,-,0,ODI # 4151
Bangladesh vs New Zealand,New Zealand,1,Martin Guptill ,25,14,3,1,178.57,1,ODI # 4151
Bangladesh vs New Zealand,New Zealand,2,Colin Munro ,24,34,3,1,70.58,1,ODI # 4151
Bangladesh vs New Zealand,New Zealand,3,Kane Williamson ,40,72,1,0,55.55,1,ODI # 4151
Bangladesh vs New Zealand,New Zealand,4,Ross Taylor ,82,91,9,0,90.1,1,ODI # 4151
Bangladesh vs New Zealand,New Zealand,5,Tom Latham ,0,4,0,0,0,1,ODI # 4151
Bangladesh vs New Zealand,New Zealand,6,James Neesham ,25,33,2,1,75.75,1,ODI # 4151
Bangladesh vs New Zealand,New Zealand,7,Colin de Grandhomme ,15,13,2,0,115.38,1,ODI # 4151
Bangladesh vs New Zealand,New Zealand,8,Mitchell Santner ,17,12,2,0,141.66,0,ODI # 4151
Bangladesh vs New Zealand,New Zealand,9,Matt Henry ,6,8,1,0,75,1,ODI # 4151
Bangladesh vs New Zealand,New Zealand,10,Lockie Ferguson ,4,3,1,0,133.33,0,ODI # 4151
Australia vs West Indies,Australia,1,David Warner ,3,8,0,0,37.5,1,ODI # 4152
Australia vs West Indies,Australia,2,Aaron Finch ,6,10,0,0,60,1,ODI # 4152
Australia vs West Indies,Australia,3,Usman Khawaja ,13,19,2,0,68.42,1,ODI # 4152
Australia vs West Indies,Australia,4,Steven Smith ,73,103,7,0,70.87,1,ODI # 4152
Australia vs West Indies,Australia,5,Glenn Maxwell ,0,2,0,0,0,1,ODI # 4152
Australia vs West Indies,Australia,6,Marcus Stoinis ,19,23,4,0,82.6,1,ODI # 4152
Australia vs West Indies,Australia,7,Alex Carey ,45,55,7,0,81.81,1,ODI # 4152
Australia vs West Indies,Australia,8,Nathan Coulter-Nile ,92,60,8,4,153.33,1,ODI # 4152
Australia vs West Indies,Australia,9,Pat Cummins ,2,6,0,0,33.33,1,ODI # 4152
Australia vs West Indies,Australia,10,Mitchell Starc ,8,9,1,0,88.88,1,ODI # 4152
Australia vs West Indies,Australia,11,Adam Zampa ,0,0,0,0,-,0,ODI # 4152
Australia vs West Indies,West Indies,1,Chris Gayle ,21,17,4,0,123.52,1,ODI # 4152
Australia vs West Indies,West Indies,2,Evin Lewis ,1,5,0,0,20,1,ODI # 4152
Australia vs West Indies,West Indies,3,Shai Hope ,68,105,7,0,64.76,1,ODI # 4152
Australia vs West Indies,West Indies,4,Nicholas Pooran ,40,36,5,1,111.11,1,ODI # 4152
Australia vs West Indies,West Indies,5,Shimron Hetmyer ,21,28,3,0,75,1,ODI # 4152
Australia vs West Indies,West Indies,6,Jason Holder ,51,57,7,1,89.47,1,ODI # 4152
Australia vs West Indies,West Indies,7,Andre Russell ,15,11,2,1,136.36,1,ODI # 4152
Australia vs West Indies,West Indies,8,Carlos Brathwaite ,16,17,1,1,94.11,1,ODI # 4152
Australia vs West Indies,West Indies,9,Ashley Nurse ,19,18,4,0,105.55,0,ODI # 4152
Australia vs West Indies,West Indies,10,Sheldon Cottrell ,1,2,0,0,50,1,ODI # 4152
Australia vs West Indies,West Indies,11,Oshane Thomas ,0,4,0,0,0,0,ODI # 4152
England vs Bangladesh,England,1,Jason Roy ,153,121,14,5,126.44,1,ODI # 4153
England vs Bangladesh,England,2,Jonny Bairstow ,51,50,6,0,102,1,ODI # 4153
England vs Bangladesh,England,3,Joe Root ,21,29,1,0,72.41,1,ODI # 4153
England vs Bangladesh,England,4,Jos Buttler ,64,44,2,4,145.45,1,ODI # 4153
England vs Bangladesh,England,5,Eoin Morgan ,35,33,1,2,106.06,1,ODI # 4153
England vs Bangladesh,England,6,Ben Stokes ,6,7,0,0,85.71,1,ODI # 4153
England vs Bangladesh,England,7,Chris Woakes ,18,8,0,2,225,0,ODI # 4153
England vs Bangladesh,England,8,Liam Plunkett ,27,9,4,1,300,0,ODI # 4153
England vs Bangladesh,Bangladesh,1,Tamim Iqbal ,19,29,1,0,65.51,1,ODI # 4153
England vs Bangladesh,Bangladesh,2,Soumya Sarkar ,2,8,0,0,25,1,ODI # 4153
England vs Bangladesh,Bangladesh,3,Shakib Al Hasan ,121,119,12,1,101.68,1,ODI # 4153
England vs Bangladesh,Bangladesh,4,Mushfiqur Rahim ,44,50,2,0,88,1,ODI # 4153
England vs Bangladesh,Bangladesh,5,Mohammad Mithun ,0,2,0,0,0,1,ODI # 4153
England vs Bangladesh,Bangladesh,6,Mahmudullah ,28,41,1,1,68.29,1,ODI # 4153
England vs Bangladesh,Bangladesh,7,Mosaddek Hossain ,26,16,4,0,162.5,1,ODI # 4153
England vs Bangladesh,Bangladesh,8,Mohammad Saifuddin ,5,8,0,0,62.5,1,ODI # 4153
England vs Bangladesh,Bangladesh,9,Mehidy Hasan Miraz ,12,8,2,0,150,1,ODI # 4153
England vs Bangladesh,Bangladesh,10,Mashrafe Mortaza ,4,9,0,0,44.44,0,ODI # 4153
England vs Bangladesh,Bangladesh,11,Mustafizur Rahman ,0,3,0,0,0,1,ODI # 4153
Afghanistan vs New Zealand,Afghanistan,1,Hazratullah Zazai ,34,28,5,1,121.42,1,ODI # 4154
Afghanistan vs New Zealand,Afghanistan,2,Noor Ali Zadran ,31,38,5,0,81.57,1,ODI # 4154
Afghanistan vs New Zealand,Afghanistan,3,Rahmat Shah ,0,4,0,0,0,1,ODI # 4154
Afghanistan vs New Zealand,Afghanistan,4,Hashmatullah Shahidi ,59,99,9,0,59.59,1,ODI # 4154
Afghanistan vs New Zealand,Afghanistan,5,Gulbadin Naib ,4,4,1,0,100,1,ODI # 4154
Afghanistan vs New Zealand,Afghanistan,6,Mohammad Nabi ,9,24,0,0,37.5,1,ODI # 4154
Afghanistan vs New Zealand,Afghanistan,7,Najibullah Zadran ,4,3,1,0,133.33,1,ODI # 4154
Afghanistan vs New Zealand,Afghanistan,8,Ikram Alikhil ,2,22,0,0,9.09,1,ODI # 4154
Afghanistan vs New Zealand,Afghanistan,9,Rashid Khan ,0,4,0,0,0,1,ODI # 4154
Afghanistan vs New Zealand,Afghanistan,10,Aftab Alam ,14,10,3,0,140,1,ODI # 4154
Afghanistan vs New Zealand,Afghanistan,11,Hamid Hassan ,7,11,1,0,63.63,0,ODI # 4154
Afghanistan vs New Zealand,New Zealand,1,Martin Guptill ,0,1,0,0,0,1,ODI # 4154
Afghanistan vs New Zealand,New Zealand,2,Colin Munro ,22,24,4,0,91.66,1,ODI # 4154
Afghanistan vs New Zealand,New Zealand,3,Kane Williamson ,79,99,9,0,79.79,0,ODI # 4154
Afghanistan vs New Zealand,New Zealand,4,Ross Taylor ,48,52,6,1,92.3,1,ODI # 4154
Afghanistan vs New Zealand,New Zealand,5,Tom Latham ,13,18,1,0,72.22,0,ODI # 4154
India vs Australia,India,1,Rohit Sharma ,57,70,3,1,81.42,1,ODI # 4155
India vs Australia,India,2,Shikhar Dhawan ,117,109,16,0,107.33,1,ODI # 4155
India vs Australia,India,3,Virat Kohli ,82,77,4,2,106.49,1,ODI # 4155
India vs Australia,India,4,Hardik Pandya ,48,27,4,3,177.77,1,ODI # 4155
India vs Australia,India,5,MS Dhoni ,27,14,3,1,192.85,1,ODI # 4155
India vs Australia,India,6,KL Rahul ,11,3,1,1,366.66,0,ODI # 4155
India vs Australia,India,7,Kedar Jadhav ,0,0,0,0,-,0,ODI # 4155
India vs Australia,Australia,1,David Warner ,56,84,5,0,66.66,1,ODI # 4155
India vs Australia,Australia,2,Aaron Finch ,36,35,3,1,102.85,1,ODI # 4155
India vs Australia,Australia,3,Steven Smith ,69,70,5,1,98.57,1,ODI # 4155
India vs Australia,Australia,4,Usman Khawaja ,42,39,4,1,107.69,1,ODI # 4155
India vs Australia,Australia,5,Glenn Maxwell ,28,14,5,0,200,1,ODI # 4155
India vs Australia,Australia,6,Marcus Stoinis ,0,2,0,0,0,1,ODI # 4155
India vs Australia,Australia,7,Alex Carey ,55,35,5,1,157.14,0,ODI # 4155
India vs Australia,Australia,8,Nathan Coulter-Nile ,4,9,0,0,44.44,1,ODI # 4155
India vs Australia,Australia,9,Pat Cummins ,8,7,1,0,114.28,1,ODI # 4155
India vs Australia,Australia,10,Mitchell Starc ,3,3,0,0,100,1,ODI # 4155
India vs Australia,Australia,11,Adam Zampa ,1,3,0,0,33.33,1,ODI # 4155
Australia vs Pakistan,Australia,1,Aaron Finch ,82,84,6,4,97.61,1,ODI # 4157
Australia vs Pakistan,Australia,2,David Warner ,107,111,11,1,96.39,1,ODI # 4157
Australia vs Pakistan,Australia,3,Steven Smith ,10,13,1,0,76.92,1,ODI # 4157
Australia vs Pakistan,Australia,4,Glenn Maxwell ,20,10,2,1,200,1,ODI # 4157
Australia vs Pakistan,Australia,5,Shaun Marsh ,23,26,2,0,88.46,1,ODI # 4157
Australia vs Pakistan,Australia,6,Usman Khawaja ,18,16,3,0,112.5,1,ODI # 4157
Australia vs Pakistan,Australia,7,Alex Carey ,20,21,2,0,95.23,1,ODI # 4157
Australia vs Pakistan,Australia,8,Nathan Coulter-Nile ,2,3,0,0,66.66,1,ODI # 4157
Australia vs Pakistan,Australia,9,Pat Cummins ,2,6,0,0,33.33,1,ODI # 4157
Australia vs Pakistan,Australia,10,Mitchell Starc ,3,6,0,0,50,1,ODI # 4157
Australia vs Pakistan,Australia,11,Kane Richardson ,1,1,0,0,100,0,ODI # 4157
Australia vs Pakistan,Pakistan,1,Imam-ul-Haq ,53,75,7,0,70.66,1,ODI # 4157
Australia vs Pakistan,Pakistan,2,Fakhar Zaman ,0,3,0,0,0,1,ODI # 4157
Australia vs Pakistan,Pakistan,3,Babar Azam ,30,28,7,0,107.14,1,ODI # 4157
Australia vs Pakistan,Pakistan,4,Mohammad Hafeez ,46,49,3,1,93.87,1,ODI # 4157
Australia vs Pakistan,Pakistan,5,Sarfaraz Ahmed ,40,48,1,0,83.33,1,ODI # 4157
Australia vs Pakistan,Pakistan,6,Shoaib Malik ,0,2,0,0,0,1,ODI # 4157
Australia vs Pakistan,Pakistan,7,Asif Ali ,5,8,0,0,62.5,1,ODI # 4157
Australia vs Pakistan,Pakistan,8,Hasan Ali ,32,15,3,3,213.33,1,ODI # 4157
Australia vs Pakistan,Pakistan,9,Wahab Riaz ,45,39,2,3,115.38,1,ODI # 4157
Australia vs Pakistan,Pakistan,10,Mohammad Amir ,0,2,0,0,0,1,ODI # 4157
Australia vs Pakistan,Pakistan,11,Shaheen Shah Afridi ,1,6,0,0,16.66,0,ODI # 4157
West Indies vs England,West Indies,1,Chris Gayle ,36,41,5,1,87.8,1,ODI # 4158
West Indies vs England,West Indies,2,Evin Lewis ,2,8,0,0,25,1,ODI # 4158
West Indies vs England,West Indies,3,Shai Hope ,11,30,1,0,36.66,1,ODI # 4158
West Indies vs England,West Indies,4,Nicholas Pooran ,63,78,3,1,80.76,1,ODI # 4158
West Indies vs England,West Indies,5,Shimron Hetmyer ,39,48,4,0,81.25,1,ODI # 4158
West Indies vs England,West Indies,6,Jason Holder ,9,10,0,1,90,1,ODI # 4158
West Indies vs England,West Indies,7,Andre Russell ,21,16,1,2,131.25,1,ODI # 4158
West Indies vs England,West Indies,8,Carlos Brathwaite ,14,22,0,1,63.63,1,ODI # 4158
West Indies vs England,West Indies,9,Sheldon Cottrell ,0,1,0,0,0,1,ODI # 4158
West Indies vs England,West Indies,10,Oshane Thomas ,0,11,0,0,0,0,ODI # 4158
West Indies vs England,West Indies,11,Shannon Gabriel ,0,3,0,0,0,1,ODI # 4158
West Indies vs England,England,1,Jonny Bairstow ,45,46,7,0,97.82,1,ODI # 4158
West Indies vs England,England,2,Joe Root ,100,94,11,0,106.38,0,ODI # 4158
West Indies vs England,England,3,Chris Woakes ,40,54,4,0,74.07,1,ODI # 4158
West Indies vs England,England,4,Ben Stokes ,10,6,2,0,166.66,0,ODI # 4158
Australia vs Sri Lanka,Australia,1,David Warner ,26,48,2,0,54.16,1,ODI # 4159
Australia vs Sri Lanka,Australia,2,Aaron Finch ,153,132,15,5,115.9,1,ODI # 4159
Australia vs Sri Lanka,Australia,3,Usman Khawaja ,10,20,1,0,50,1,ODI # 4159
Australia vs Sri Lanka,Australia,4,Steven Smith ,73,59,7,1,123.72,1,ODI # 4159
Australia vs Sri Lanka,Australia,5,Glenn Maxwell ,46,25,5,1,184,0,ODI # 4159
Australia vs Sri Lanka,Australia,6,Shaun Marsh ,3,9,0,0,33.33,1,ODI # 4159
Australia vs Sri Lanka,Australia,7,Alex Carey ,4,3,0,0,133.33,1,ODI # 4159
Australia vs Sri Lanka,Australia,8,Pat Cummins ,0,1,0,0,0,1,ODI # 4159
Australia vs Sri Lanka,Australia,9,Mitchell Starc ,5,4,0,0,125,0,ODI # 4159
Australia vs Sri Lanka,Sri Lanka,1,Dimuth Karunaratne ,97,108,9,0,89.81,1,ODI # 4159
Australia vs Sri Lanka,Sri Lanka,2,Kusal Perera ,52,36,5,1,144.44,1,ODI # 4159
Australia vs Sri Lanka,Sri Lanka,3,Lahiru Thirimanne ,16,26,1,0,61.53,1,ODI # 4159
Australia vs Sri Lanka,Sri Lanka,4,Kusal Mendis ,30,37,0,2,81.08,1,ODI # 4159
Australia vs Sri Lanka,Sri Lanka,5,Angelo Mathews ,9,11,2,0,81.81,1,ODI # 4159
Australia vs Sri Lanka,Sri Lanka,6,Milinda Siriwardana ,3,4,0,0,75,1,ODI # 4159
Australia vs Sri Lanka,Sri Lanka,7,Thisara Perera ,7,3,0,1,233.33,1,ODI # 4159
Australia vs Sri Lanka,Sri Lanka,8,Dhananjaya de Silva ,16,30,2,0,53.33,0,ODI # 4159
Australia vs Sri Lanka,Sri Lanka,9,Isuru Udana ,8,8,1,0,100,1,ODI # 4159
Australia vs Sri Lanka,Sri Lanka,10,Lasith Malinga ,1,5,0,0,20,1,ODI # 4159
Australia vs Sri Lanka,Sri Lanka,11,Nuwan Pradeep ,0,7,0,0,0,1,ODI # 4159
Afghanistan vs South Africa,Afghanistan,1,Hazratullah Zazai ,22,23,3,0,95.65,1,ODI # 4160
Afghanistan vs South Africa,Afghanistan,2,Noor Ali Zadran ,32,58,4,0,55.17,1,ODI # 4160
Afghanistan vs South Africa,Afghanistan,3,Rahmat Shah ,6,22,1,0,27.27,1,ODI # 4160
Afghanistan vs South Africa,Afghanistan,4,Hashmatullah Shahidi ,8,22,1,0,36.36,1,ODI # 4160
Afghanistan vs South Africa,Afghanistan,5,Asghar Afghan ,0,5,0,0,0,1,ODI # 4160
Afghanistan vs South Africa,Afghanistan,6,Mohammad Nabi ,1,2,0,0,50,1,ODI # 4160
Afghanistan vs South Africa,Afghanistan,7,Ikram Alikhil ,9,33,0,0,27.27,1,ODI # 4160
Afghanistan vs South Africa,Afghanistan,8,Gulbadin Naib ,5,11,0,0,45.45,1,ODI # 4160
Afghanistan vs South Africa,Afghanistan,9,Rashid Khan ,35,25,6,0,140,1,ODI # 4160
Afghanistan vs South Africa,Afghanistan,10,Hamid Hassan ,0,3,0,0,0,1,ODI # 4160
Afghanistan vs South Africa,Afghanistan,11,Aftab Alam ,0,1,0,0,0,0,ODI # 4160
Afghanistan vs South Africa,South Africa,1,Hashim Amla ,41,83,4,0,49.39,0,ODI # 4160
Afghanistan vs South Africa,South Africa,2,Quinton de Kock ,68,72,8,0,94.44,1,ODI # 4160
Afghanistan vs South Africa,South Africa,3,Andile Phehlukwayo ,17,17,2,1,100,0,ODI # 4160
India vs Pakistan,India,1,KL Rahul ,57,78,3,2,73.07,1,ODI # 4161
India vs Pakistan,India,2,Rohit Sharma ,140,113,14,3,123.89,1,ODI # 4161
India vs Pakistan,India,3,Virat Kohli ,77,65,7,0,118.46,1,ODI # 4161
India vs Pakistan,India,4,Hardik Pandya ,26,19,2,1,136.84,1,ODI # 4161
India vs Pakistan,India,5,MS Dhoni ,1,2,0,0,50,1,ODI # 4161
India vs Pakistan,India,6,Vijay Shankar ,15,15,1,0,100,0,ODI # 4161
India vs Pakistan,India,7,Kedar Jadhav ,9,8,1,0,112.5,0,ODI # 4161
India vs Pakistan,Pakistan,1,Imam-ul-Haq ,7,18,1,0,38.88,1,ODI # 4161
India vs Pakistan,Pakistan,2,Fakhar Zaman ,62,75,7,1,82.66,1,ODI # 4161
India vs Pakistan,Pakistan,3,Babar Azam ,48,57,3,1,84.21,1,ODI # 4161
India vs Pakistan,Pakistan,4,Mohammad Hafeez ,9,7,0,1,128.57,1,ODI # 4161
India vs Pakistan,Pakistan,5,Sarfaraz Ahmed ,12,30,0,0,40,1,ODI # 4161
India vs Pakistan,Pakistan,6,Shoaib Malik ,0,1,0,0,0,1,ODI # 4161
India vs Pakistan,Pakistan,7,Imad Wasim ,46,39,6,0,117.94,0,ODI # 4161
India vs Pakistan,Pakistan,8,Shadab Khan ,20,14,1,0,142.85,0,ODI # 4161
West Indies vs Bangladesh,West Indies,1,Chris Gayle ,0,13,0,0,0,1,ODI # 4162
West Indies vs Bangladesh,West Indies,2,Evin Lewis ,70,67,6,2,104.47,1,ODI # 4162
West Indies vs Bangladesh,West Indies,3,Shai Hope ,96,121,4,1,79.33,1,ODI # 4162
West Indies vs Bangladesh,West Indies,4,Nicholas Pooran ,25,30,2,1,83.33,1,ODI # 4162
West Indies vs Bangladesh,West Indies,5,Shimron Hetmyer ,50,26,4,3,192.3,1,ODI # 4162
West Indies vs Bangladesh,West Indies,6,Andre Russell ,0,2,0,0,0,1,ODI # 4162
West Indies vs Bangladesh,West Indies,7,Jason Holder ,33,15,4,2,220,1,ODI # 4162
West Indies vs Bangladesh,West Indies,8,Darren Bravo ,19,15,0,2,126.66,1,ODI # 4162
West Indies vs Bangladesh,West Indies,9,Oshane Thomas ,6,11,0,0,54.54,0,ODI # 4162
West Indies vs Bangladesh,Bangladesh,1,Tamim Iqbal ,48,53,6,0,90.56,1,ODI # 4162
West Indies vs Bangladesh,Bangladesh,2,Soumya Sarkar ,29,23,2,2,126.08,1,ODI # 4162
West Indies vs Bangladesh,Bangladesh,3,Shakib Al Hasan ,124,99,16,0,125.25,0,ODI # 4162
West Indies vs Bangladesh,Bangladesh,4,Mushfiqur Rahim ,1,5,0,0,20,1,ODI # 4162
West Indies vs Bangladesh,Bangladesh,5,Litton Das ,94,69,8,4,136.23,0,ODI # 4162
England vs Afghanistan,England,1,James Vince ,26,31,3,0,83.87,1,ODI # 4163
England vs Afghanistan,England,2,Jonny Bairstow ,90,99,8,3,90.9,1,ODI # 4163
England vs Afghanistan,England,3,Joe Root ,88,82,5,1,107.31,1,ODI # 4163
England vs Afghanistan,England,4,Eoin Morgan ,148,71,4,17,208.45,1,ODI # 4163
England vs Afghanistan,England,5,Jos Buttler ,2,2,0,0,100,1,ODI # 4163
England vs Afghanistan,England,6,Ben Stokes ,2,6,0,0,33.33,1,ODI # 4163
England vs Afghanistan,England,7,Moeen Ali ,31,9,1,4,344.44,0,ODI # 4163
England vs Afghanistan,England,8,Chris Woakes ,1,1,0,0,100,0,ODI # 4163
England vs Afghanistan,Afghanistan,1,Noor Ali Zadran ,0,7,0,0,0,1,ODI # 4163
England vs Afghanistan,Afghanistan,2,Gulbadin Naib ,37,28,4,1,132.14,1,ODI # 4163
England vs Afghanistan,Afghanistan,3,Rahmat Shah ,46,74,3,1,62.16,1,ODI # 4163
England vs Afghanistan,Afghanistan,4,Hashmatullah Shahidi ,76,100,5,2,76,1,ODI # 4163
England vs Afghanistan,Afghanistan,5,Asghar Afghan ,44,48,3,2,91.66,1,ODI # 4163
England vs Afghanistan,Afghanistan,6,Mohammad Nabi ,9,7,0,1,128.57,1,ODI # 4163
England vs Afghanistan,Afghanistan,7,Najibullah Zadran ,15,13,0,1,115.38,1,ODI # 4163
England vs Afghanistan,Afghanistan,8,Rashid Khan ,8,13,1,0,61.53,1,ODI # 4163
England vs Afghanistan,Afghanistan,9,Ikram Alikhil ,3,10,0,0,30,0,ODI # 4163
England vs Afghanistan,Afghanistan,10,Dawlat Zadran ,0,0,0,0,-,0,ODI # 4163
South Africa vs New Zealand,South Africa,1,Quinton de Kock ,5,8,1,0,62.5,1,ODI # 4165
South Africa vs New Zealand,South Africa,2,Hashim Amla ,55,83,4,0,66.26,1,ODI # 4165
South Africa vs New Zealand,South Africa,3,Faf du Plessis ,23,35,4,0,65.71,1,ODI # 4165
South Africa vs New Zealand,South Africa,4,Aiden Markram ,38,55,4,0,69.09,1,ODI # 4165
South Africa vs New Zealand,South Africa,5,Rassie van der Dussen ,67,64,2,3,104.68,0,ODI # 4165
South Africa vs New Zealand,South Africa,6,David Miller ,36,37,2,1,97.29,1,ODI # 4165
South Africa vs New Zealand,South Africa,7,Andile Phehlukwayo ,0,5,0,0,0,1,ODI # 4165
South Africa vs New Zealand,South Africa,8,Chris Morris ,6,7,1,0,85.71,0,ODI # 4165
South Africa vs New Zealand,New Zealand,1,Martin Guptill ,35,59,5,0,59.32,1,ODI # 4165
South Africa vs New Zealand,New Zealand,2,Colin Munro ,9,5,2,0,180,1,ODI # 4165
South Africa vs New Zealand,New Zealand,3,Kane Williamson ,106,138,9,1,76.81,0,ODI # 4165
South Africa vs New Zealand,New Zealand,4,Ross Taylor ,1,2,0,0,50,1,ODI # 4165
South Africa vs New Zealand,New Zealand,5,Tom Latham ,1,4,0,0,25,1,ODI # 4165
South Africa vs New Zealand,New Zealand,6,James Neesham ,23,34,3,0,67.64,1,ODI # 4165
South Africa vs New Zealand,New Zealand,7,Colin de Grandhomme ,60,47,5,2,127.65,1,ODI # 4165
South Africa vs New Zealand,New Zealand,8,Mitchell Santner ,2,3,0,0,66.66,0,ODI # 4165
Australia vs Bangladesh,Australia,1,David Warner ,166,147,14,5,112.92,1,ODI # 4166
Australia vs Bangladesh,Australia,2,Aaron Finch ,53,51,5,2,103.92,1,ODI # 4166
Australia vs Bangladesh,Australia,3,Usman Khawaja ,89,72,10,0,123.61,1,ODI # 4166
Australia vs Bangladesh,Australia,4,Glenn Maxwell ,32,10,2,3,320,1,ODI # 4166
Australia vs Bangladesh,Australia,5,Marcus Stoinis ,17,11,2,0,154.54,0,ODI # 4166
Australia vs Bangladesh,Australia,6,Steven Smith ,1,2,0,0,50,1,ODI # 4166
Australia vs Bangladesh,Australia,7,Alex Carey ,11,8,1,0,137.5,0,ODI # 4166
Australia vs Bangladesh,Bangladesh,1,Tamim Iqbal ,62,74,6,0,83.78,1,ODI # 4166
Australia vs Bangladesh,Bangladesh,2,Soumya Sarkar ,10,8,2,0,125,1,ODI # 4166
Australia vs Bangladesh,Bangladesh,3,Shakib Al Hasan ,41,41,4,0,100,1,ODI # 4166
Australia vs Bangladesh,Bangladesh,4,Mushfiqur Rahim ,102,97,9,1,105.15,0,ODI # 4166
Australia vs Bangladesh,Bangladesh,5,Litton Das ,20,17,3,0,117.64,1,ODI # 4166
Australia vs Bangladesh,Bangladesh,6,Mahmudullah ,69,50,5,3,138,1,ODI # 4166
Australia vs Bangladesh,Bangladesh,7,Sabbir Rahman ,0,1,0,0,0,1,ODI # 4166
Australia vs Bangladesh,Bangladesh,8,Mehidy Hasan Miraz ,6,7,0,0,85.71,1,ODI # 4166
Australia vs Bangladesh,Bangladesh,9,Mashrafe Mortaza ,6,5,1,0,120,1,ODI # 4166
Sri Lanka vs England,Sri Lanka,1,Dimuth Karunaratne ,1,8,0,0,12.5,1,ODI # 4168
Sri Lanka vs England,Sri Lanka,2,Kusal Perera ,2,6,0,0,33.33,1,ODI # 4168
Sri Lanka vs England,Sri Lanka,3,Avishka Fernando ,49,39,6,2,125.64,1,ODI # 4168
Sri Lanka vs England,Sri Lanka,4,Kusal Mendis ,46,68,2,0,67.64,1,ODI # 4168
Sri Lanka vs England,Sri Lanka,5,Angelo Mathews ,85,115,5,1,73.91,0,ODI # 4168
Sri Lanka vs England,Sri Lanka,6,Jeevan Mendis ,0,1,0,0,0,1,ODI # 4168
Sri Lanka vs England,Sri Lanka,7,Dhananjaya de Silva ,29,47,1,0,61.7,1,ODI # 4168
Sri Lanka vs England,Sri Lanka,8,Thisara Perera ,2,6,0,0,33.33,1,ODI # 4168
Sri Lanka vs England,Sri Lanka,9,Isuru Udana ,6,4,1,0,150,1,ODI # 4168
Sri Lanka vs England,Sri Lanka,10,Lasith Malinga ,1,5,0,0,20,1,ODI # 4168
Sri Lanka vs England,Sri Lanka,11,Nuwan Pradeep ,1,1,0,0,100,0,ODI # 4168
Sri Lanka vs England,England,1,James Vince ,14,18,2,0,77.77,1,ODI # 4168
Sri Lanka vs England,England,2,Jonny Bairstow ,0,1,0,0,0,1,ODI # 4168
Sri Lanka vs England,England,3,Joe Root ,57,89,3,0,64.04,1,ODI # 4168
Sri Lanka vs England,England,4,Eoin Morgan ,21,35,2,0,60,1,ODI # 4168
Sri Lanka vs England,England,5,Ben Stokes ,82,89,7,4,92.13,0,ODI # 4168
Sri Lanka vs England,England,6,Jos Buttler ,10,9,1,0,111.11,1,ODI # 4168
Sri Lanka vs England,England,7,Moeen Ali ,16,20,0,1,80,1,ODI # 4168
Sri Lanka vs England,England,8,Chris Woakes ,2,4,0,0,50,1,ODI # 4168
Sri Lanka vs England,England,9,Adil Rashid ,1,2,0,0,50,1,ODI # 4168
Sri Lanka vs England,England,10,Jofra Archer ,3,11,0,0,27.27,1,ODI # 4168
Sri Lanka vs England,England,11,Mark Wood ,0,4,0,0,0,1,ODI # 4168
India vs Afghanistan,India,1,KL Rahul ,30,53,2,0,56.6,1,ODI # 4169
India vs Afghanistan,India,2,Rohit Sharma ,1,10,0,0,10,1,ODI # 4169
India vs Afghanistan,India,3,Virat Kohli ,67,63,5,0,106.34,1,ODI # 4169
India vs Afghanistan,India,4,Vijay Shankar ,29,41,2,0,70.73,1,ODI # 4169
India vs Afghanistan,India,5,MS Dhoni ,28,52,3,0,53.84,1,ODI # 4169
India vs Afghanistan,India,6,Kedar Jadhav ,52,68,3,1,76.47,1,ODI # 4169
India vs Afghanistan,India,7,Hardik Pandya ,7,9,0,0,77.77,1,ODI # 4169
India vs Afghanistan,India,8,Mohammed Shami ,1,2,0,0,50,1,ODI # 4169
India vs Afghanistan,India,9,Kuldeep Yadav ,1,1,0,0,100,0,ODI # 4169
India vs Afghanistan,India,10,Jasprit Bumrah ,1,1,0,0,100,0,ODI # 4169
India vs Afghanistan,Afghanistan,1,Hazratullah Zazai ,10,24,1,0,41.66,1,ODI # 4169
India vs Afghanistan,Afghanistan,2,Gulbadin Naib ,27,42,2,0,64.28,1,ODI # 4169
India vs Afghanistan,Afghanistan,3,Rahmat Shah ,36,63,3,0,57.14,1,ODI # 4169
India vs Afghanistan,Afghanistan,4,Hashmatullah Shahidi ,21,45,2,0,46.66,1,ODI # 4169
India vs Afghanistan,Afghanistan,5,Asghar Afghan ,8,19,0,0,42.1,1,ODI # 4169
India vs Afghanistan,Afghanistan,6,Mohammad Nabi ,52,55,4,1,94.54,1,ODI # 4169
India vs Afghanistan,Afghanistan,7,Najibullah Zadran ,21,23,2,0,91.3,1,ODI # 4169
India vs Afghanistan,Afghanistan,8,Rashid Khan ,14,16,1,0,87.5,1,ODI # 4169
India vs Afghanistan,Afghanistan,9,Ikram Alikhil ,7,10,0,0,70,0,ODI # 4169
India vs Afghanistan,Afghanistan,10,Aftab Alam ,0,1,0,0,0,1,ODI # 4169
India vs Afghanistan,Afghanistan,11,Mujeeb Ur Rahman ,0,1,0,0,0,1,ODI # 4169
New Zealand vs West Indies,New Zealand,1,Martin Guptill ,0,1,0,0,0,1,ODI # 4170
New Zealand vs West Indies,New Zealand,2,Colin Munro ,0,1,0,0,0,1,ODI # 4170
New Zealand vs West Indies,New Zealand,3,Kane Williamson ,148,154,14,1,96.1,1,ODI # 4170
New Zealand vs West Indies,New Zealand,4,Ross Taylor ,69,95,7,0,72.63,1,ODI # 4170
New Zealand vs West Indies,New Zealand,5,Tom Latham ,12,16,0,0,75,1,ODI # 4170
New Zealand vs West Indies,New Zealand,6,James Neesham ,28,23,1,1,121.73,1,ODI # 4170
New Zealand vs West Indies,New Zealand,7,Colin de Grandhomme ,16,6,1,1,266.66,1,ODI # 4170
New Zealand vs West Indies,New Zealand,8,Mitchell Santner ,10,5,0,1,200,1,ODI # 4170
New Zealand vs West Indies,New Zealand,9,Matt Henry ,0,0,0,0,-,0,ODI # 4170
New Zealand vs West Indies,West Indies,1,Chris Gayle ,87,84,8,6,103.57,1,ODI # 4170
New Zealand vs West Indies,West Indies,2,Shai Hope ,1,3,0,0,33.33,1,ODI # 4170
New Zealand vs West Indies,West Indies,3,Nicholas Pooran ,1,7,0,0,14.28,1,ODI # 4170
New Zealand vs West Indies,West Indies,4,Shimron Hetmyer ,54,45,8,1,120,1,ODI # 4170
New Zealand vs West Indies,West Indies,5,Jason Holder ,0,1,0,0,0,1,ODI # 4170
New Zealand vs West Indies,West Indies,6,Carlos Brathwaite ,101,82,9,5,123.17,1,ODI # 4170
New Zealand vs West Indies,West Indies,7,Ashley Nurse ,1,8,0,0,12.5,1,ODI # 4170
New Zealand vs West Indies,West Indies,8,Evin Lewis ,0,3,0,0,0,1,ODI # 4170
New Zealand vs West Indies,West Indies,9,Kemar Roach ,14,31,0,1,45.16,1,ODI # 4170
New Zealand vs West Indies,West Indies,10,Sheldon Cottrell ,15,26,2,0,57.69,1,ODI # 4170
New Zealand vs West Indies,West Indies,11,Oshane Thomas ,0,4,0,0,0,0,ODI # 4170
Pakistan vs South Africa,Pakistan,1,Imam-ul-Haq ,44,58,6,0,75.86,1,ODI # 4171
Pakistan vs South Africa,Pakistan,2,Fakhar Zaman ,44,50,6,1,88,1,ODI # 4171
Pakistan vs South Africa,Pakistan,3,Babar Azam ,69,80,7,0,86.25,1,ODI # 4171
Pakistan vs South Africa,Pakistan,4,Mohammad Hafeez ,20,33,0,1,60.6,1,ODI # 4171
Pakistan vs South Africa,Pakistan,5,Haris Sohail ,89,59,9,3,150.84,1,ODI # 4171
Pakistan vs South Africa,Pakistan,6,Imad Wasim ,23,15,3,0,153.33,1,ODI # 4171
Pakistan vs South Africa,Pakistan,7,Wahab Riaz ,4,4,0,0,100,1,ODI # 4171
Pakistan vs South Africa,Pakistan,8,Sarfaraz Ahmed ,2,2,0,0,100,0,ODI # 4171
Pakistan vs South Africa,Pakistan,9,Shadab Khan ,1,1,0,0,100,0,ODI # 4171
Pakistan vs South Africa,South Africa,1,Hashim Amla ,2,3,0,0,66.66,1,ODI # 4171
Pakistan vs South Africa,South Africa,2,Quinton de Kock ,47,60,3,2,78.33,1,ODI # 4171
Pakistan vs South Africa,South Africa,3,Faf du Plessis ,63,79,5,0,79.74,1,ODI # 4171
Pakistan vs South Africa,South Africa,4,Aiden Markram ,7,16,0,0,43.75,1,ODI # 4171
Pakistan vs South Africa,South Africa,5,Rassie van der Dussen ,36,47,1,1,76.59,1,ODI # 4171
Pakistan vs South Africa,South Africa,6,David Miller ,31,37,3,0,83.78,1,ODI # 4171
Pakistan vs South Africa,South Africa,7,Andile Phehlukwayo ,46,32,6,0,143.75,0,ODI # 4171
Pakistan vs South Africa,South Africa,8,Chris Morris ,16,10,1,1,160,1,ODI # 4171
Pakistan vs South Africa,South Africa,9,Kagiso Rabada ,3,7,0,0,42.85,1,ODI # 4171
Pakistan vs South Africa,South Africa,10,Lungi Ngidi ,1,6,0,0,16.66,1,ODI # 4171
Pakistan vs South Africa,South Africa,11,Imran Tahir ,1,3,0,0,33.33,0,ODI # 4171
Bangladesh vs Afghanistan,Bangladesh,1,Litton Das ,16,17,2,0,94.11,1,ODI # 4172
Bangladesh vs Afghanistan,Bangladesh,2,Tamim Iqbal ,36,53,4,0,67.92,1,ODI # 4172
Bangladesh vs Afghanistan,Bangladesh,3,Shakib Al Hasan ,51,69,1,0,73.91,1,ODI # 4172
Bangladesh vs Afghanistan,Bangladesh,4,Mushfiqur Rahim ,83,87,4,1,95.4,1,ODI # 4172
Bangladesh vs Afghanistan,Bangladesh,5,Soumya Sarkar ,3,10,0,0,30,1,ODI # 4172
Bangladesh vs Afghanistan,Bangladesh,6,Mahmudullah ,27,38,2,0,71.05,1,ODI # 4172
Bangladesh vs Afghanistan,Bangladesh,7,Mosaddek Hossain ,35,24,4,0,145.83,1,ODI # 4172
Bangladesh vs Afghanistan,Bangladesh,8,Mohammad Saifuddin ,2,2,0,0,100,0,ODI # 4172
Bangladesh vs Afghanistan,Afghanistan,1,Gulbadin Naib ,47,75,3,0,62.66,1,ODI # 4172
Bangladesh vs Afghanistan,Afghanistan,2,Rahmat Shah ,24,35,3,0,68.57,1,ODI # 4172
Bangladesh vs Afghanistan,Afghanistan,3,Hashmatullah Shahidi ,11,31,0,0,35.48,1,ODI # 4172
Bangladesh vs Afghanistan,Afghanistan,4,Asghar Afghan ,20,38,1,0,52.63,1,ODI # 4172
Bangladesh vs Afghanistan,Afghanistan,5,Mohammad Nabi ,0,2,0,0,0,1,ODI # 4172
Bangladesh vs Afghanistan,Afghanistan,6,Samiullah Shinwari ,49,51,3,1,96.07,0,ODI # 4172
Bangladesh vs Afghanistan,Afghanistan,7,Ikram Alikhil ,11,12,1,0,91.66,1,ODI # 4172
Bangladesh vs Afghanistan,Afghanistan,8,Najibullah Zadran ,23,23,2,0,100,1,ODI # 4172
Bangladesh vs Afghanistan,Afghanistan,9,Rashid Khan ,2,3,0,0,66.66,1,ODI # 4172
Bangladesh vs Afghanistan,Afghanistan,10,Dawlat Zadran ,0,8,0,0,0,1,ODI # 4172
Bangladesh vs Afghanistan,Afghanistan,11,Mujeeb Ur Rahman ,0,4,0,0,0,1,ODI # 4172
Australia vs England,Australia,1,Aaron Finch ,100,116,11,2,86.2,1,ODI # 4191
Australia vs England,Australia,2,David Warner ,53,61,6,0,86.88,1,ODI # 4191
Australia vs England,Australia,3,Usman Khawaja ,23,29,1,0,79.31,1,ODI # 4191
Australia vs England,Australia,4,Steven Smith ,38,34,5,0,111.76,1,ODI # 4191
Australia vs England,Australia,5,Glenn Maxwell ,12,8,1,1,150,1,ODI # 4191
Australia vs England,Australia,6,Marcus Stoinis ,8,15,1,0,53.33,1,ODI # 4191
Australia vs England,Australia,7,Alex Carey ,38,27,5,0,140.74,0,ODI # 4191
Australia vs England,Australia,8,Pat Cummins ,1,4,0,0,25,1,ODI # 4191
Australia vs England,Australia,9,Mitchell Starc ,4,6,0,0,66.66,0,ODI # 4191
Australia vs England,England,1,James Vince ,0,2,0,0,0,1,ODI # 4191
Australia vs England,England,2,Jonny Bairstow ,27,39,5,0,69.23,1,ODI # 4191
Australia vs England,England,3,Joe Root ,8,9,2,0,88.88,1,ODI # 4191
Australia vs England,England,4,Eoin Morgan ,4,7,1,0,57.14,1,ODI # 4191
Australia vs England,England,5,Ben Stokes ,89,115,8,2,77.39,1,ODI # 4191
Australia vs England,England,6,Jos Buttler ,25,27,2,0,92.59,1,ODI # 4191
Australia vs England,England,7,Chris Woakes ,26,34,2,0,76.47,1,ODI # 4191
Australia vs England,England,8,Moeen Ali ,6,9,1,0,66.66,1,ODI # 4191
Australia vs England,England,9,Adil Rashid ,25,20,3,1,125,1,ODI # 4191
Australia vs England,England,10,Jofra Archer ,1,4,0,0,25,1,ODI # 4191
Australia vs England,England,11,Mark Wood ,1,2,0,0,50,0,ODI # 4191
New Zealand vs Pakistan,New Zealand,1,Martin Guptill ,5,4,1,0,125,1,ODI # 4174
New Zealand vs Pakistan,New Zealand,2,Colin Munro ,12,17,2,0,70.58,1,ODI # 4174
New Zealand vs Pakistan,New Zealand,3,Kane Williamson ,41,69,4,0,59.42,1,ODI # 4174
New Zealand vs Pakistan,New Zealand,4,Ross Taylor ,3,8,0,0,37.5,1,ODI # 4174
New Zealand vs Pakistan,New Zealand,5,Tom Latham ,1,14,0,0,7.14,1,ODI # 4174
New Zealand vs Pakistan,New Zealand,6,James Neesham ,97,112,5,3,86.6,0,ODI # 4174
New Zealand vs Pakistan,New Zealand,7,Colin de Grandhomme ,64,71,6,1,90.14,1,ODI # 4174
New Zealand vs Pakistan,New Zealand,8,Mitchell Santner ,5,5,0,0,100,0,ODI # 4174
New Zealand vs Pakistan,Pakistan,1,Imam-ul-Haq ,19,29,3,0,65.51,1,ODI # 4174
New Zealand vs Pakistan,Pakistan,2,Fakhar Zaman ,9,10,2,0,90,1,ODI # 4174
New Zealand vs Pakistan,Pakistan,3,Babar Azam ,101,127,11,0,79.52,0,ODI # 4174
New Zealand vs Pakistan,Pakistan,4,Mohammad Hafeez ,32,50,5,0,64,1,ODI # 4174
New Zealand vs Pakistan,Pakistan,5,Haris Sohail ,68,76,5,2,89.47,1,ODI # 4174
New Zealand vs Pakistan,Pakistan,6,Sarfaraz Ahmed ,5,3,1,0,166.66,0,ODI # 4174
India vs West Indies,India,1,KL Rahul ,48,64,6,0,75,1,ODI # 4175
India vs West Indies,India,2,Rohit Sharma ,18,23,1,1,78.26,1,ODI # 4175
India vs West Indies,India,3,Virat Kohli ,72,82,8,0,87.8,1,ODI # 4175
India vs West Indies,India,4,Vijay Shankar ,14,19,3,0,73.68,1,ODI # 4175
India vs West Indies,India,5,Kedar Jadhav ,7,10,1,0,70,1,ODI # 4175
India vs West Indies,India,6,MS Dhoni ,56,61,3,2,91.8,0,ODI # 4175
India vs West Indies,India,7,Hardik Pandya ,46,38,5,0,121.05,1,ODI # 4175
India vs West Indies,India,8,Mohammed Shami ,0,2,0,0,0,1,ODI # 4175
India vs West Indies,India,9,Kuldeep Yadav ,0,1,0,0,0,0,ODI # 4175
India vs West Indies,West Indies,1,Chris Gayle ,6,19,1,0,31.57,1,ODI # 4175
India vs West Indies,West Indies,2,Sunil Ambris ,31,40,2,0,77.5,1,ODI # 4175
India vs West Indies,West Indies,3,Shai Hope ,5,10,1,0,50,1,ODI # 4175
India vs West Indies,West Indies,4,Nicholas Pooran ,28,50,2,0,56,1,ODI # 4175
India vs West Indies,West Indies,5,Shimron Hetmyer ,18,29,1,0,62.06,1,ODI # 4175
India vs West Indies,West Indies,6,Jason Holder ,6,13,0,0,46.15,1,ODI # 4175
India vs West Indies,West Indies,7,Carlos Brathwaite ,1,5,0,0,20,1,ODI # 4175
India vs West Indies,West Indies,8,Fabian Allen ,0,1,0,0,0,1,ODI # 4175
India vs West Indies,West Indies,9,Kemar Roach ,14,21,3,0,66.66,0,ODI # 4175
India vs West Indies,West Indies,10,Sheldon Cottrell ,10,8,1,1,125,1,ODI # 4175
India vs West Indies,West Indies,11,Oshane Thomas ,6,11,1,0,54.54,1,ODI # 4175
Sri Lanka vs South Africa,Sri Lanka,1,Dimuth Karunaratne ,0,1,0,0,0,1,ODI # 4176
Sri Lanka vs South Africa,Sri Lanka,2,Kusal Perera ,30,34,4,0,88.23,1,ODI # 4176
Sri Lanka vs South Africa,Sri Lanka,3,Avishka Fernando ,30,29,4,0,103.44,1,ODI # 4176
Sri Lanka vs South Africa,Sri Lanka,4,Kusal Mendis ,23,51,2,0,45.09,1,ODI # 4176
Sri Lanka vs South Africa,Sri Lanka,5,Angelo Mathews ,11,29,1,0,37.93,1,ODI # 4176
Sri Lanka vs South Africa,Sri Lanka,6,Dhananjaya de Silva ,24,41,2,0,58.53,1,ODI # 4176
Sri Lanka vs South Africa,Sri Lanka,7,Jeevan Mendis ,18,46,1,1,39.13,1,ODI # 4176
Sri Lanka vs South Africa,Sri Lanka,8,Thisara Perera ,21,25,0,0,84,1,ODI # 4176
Sri Lanka vs South Africa,Sri Lanka,9,Isuru Udana ,17,32,1,0,53.12,1,ODI # 4176
Sri Lanka vs South Africa,Sri Lanka,10,Suranga Lakmal ,5,7,0,0,71.42,0,ODI # 4176
Sri Lanka vs South Africa,Sri Lanka,11,Lasith Malinga ,4,2,1,0,200,1,ODI # 4176
Sri Lanka vs South Africa,South Africa,1,Quinton de Kock ,15,16,3,0,93.75,1,ODI # 4176
Sri Lanka vs South Africa,South Africa,2,Hashim Amla ,80,105,5,0,76.19,0,ODI # 4176
Sri Lanka vs South Africa,South Africa,3,Faf du Plessis ,96,103,10,1,93.2,0,ODI # 4176
Afghanistan vs Pakistan,Afghanistan,1,Rahmat Shah ,35,43,5,0,81.39,1,ODI # 4177
Afghanistan vs Pakistan,Afghanistan,2,Gulbadin Naib ,15,12,3,0,125,1,ODI # 4177
Afghanistan vs Pakistan,Afghanistan,3,Hashmatullah Shahidi ,0,1,0,0,0,1,ODI # 4177
Afghanistan vs Pakistan,Afghanistan,4,Ikram Alikhil ,24,66,1,0,36.36,1,ODI # 4177
Afghanistan vs Pakistan,Afghanistan,5,Asghar Afghan ,42,35,3,2,120,1,ODI # 4177
Afghanistan vs Pakistan,Afghanistan,6,Mohammad Nabi ,16,33,0,0,48.48,1,ODI # 4177
Afghanistan vs Pakistan,Afghanistan,7,Najibullah Zadran ,42,54,6,0,77.77,1,ODI # 4177
Afghanistan vs Pakistan,Afghanistan,8,Samiullah Shinwari ,19,32,1,0,59.37,0,ODI # 4177
Afghanistan vs Pakistan,Afghanistan,9,Rashid Khan ,8,12,1,0,66.66,1,ODI # 4177
Afghanistan vs Pakistan,Afghanistan,10,Hamid Hassan ,1,3,0,0,33.33,1,ODI # 4177
Afghanistan vs Pakistan,Afghanistan,11,Mujeeb Ur Rahman ,7,9,1,0,77.77,0,ODI # 4177
Afghanistan vs Pakistan,Pakistan,1,Fakhar Zaman ,0,2,0,0,0,1,ODI # 4177
Afghanistan vs Pakistan,Pakistan,2,Imam-ul-Haq ,36,51,4,0,70.58,1,ODI # 4177
Afghanistan vs Pakistan,Pakistan,3,Babar Azam ,45,51,5,0,88.23,1,ODI # 4177
Afghanistan vs Pakistan,Pakistan,4,Mohammad Hafeez ,19,35,1,0,54.28,1,ODI # 4177
Afghanistan vs Pakistan,Pakistan,5,Haris Sohail ,27,57,2,0,47.36,1,ODI # 4177
Afghanistan vs Pakistan,Pakistan,6,Sarfaraz Ahmed ,18,22,1,0,81.81,1,ODI # 4177
Afghanistan vs Pakistan,Pakistan,7,Imad Wasim ,49,54,5,0,90.74,0,ODI # 4177
Afghanistan vs Pakistan,Pakistan,8,Shadab Khan ,11,17,1,0,64.7,1,ODI # 4177
Afghanistan vs Pakistan,Pakistan,9,Wahab Riaz ,15,9,1,1,166.66,0,ODI # 4177
Australia vs New Zealand,Australia,1,David Warner ,16,23,3,0,69.56,1,ODI # 4178
Australia vs New Zealand,Australia,2,Aaron Finch ,8,15,1,0,53.33,1,ODI # 4178
Australia vs New Zealand,Australia,3,Usman Khawaja ,88,129,5,0,68.21,1,ODI # 4178
Australia vs New Zealand,Australia,4,Steven Smith ,5,8,0,0,62.5,1,ODI # 4178
Australia vs New Zealand,Australia,5,Marcus Stoinis ,21,26,3,0,80.76,1,ODI # 4178
Australia vs New Zealand,Australia,6,Glenn Maxwell ,1,5,0,0,20,1,ODI # 4178
Australia vs New Zealand,Australia,7,Alex Carey ,71,72,11,0,98.61,1,ODI # 4178
Australia vs New Zealand,Australia,8,Pat Cummins ,23,19,1,0,121.05,0,ODI # 4178
Australia vs New Zealand,Australia,9,Mitchell Starc ,0,1,0,0,0,1,ODI # 4178
Australia vs New Zealand,Australia,10,Jason Behrendorff ,0,1,0,0,0,1,ODI # 4178
Australia vs New Zealand,Australia,11,Nathan Lyon ,0,1,0,0,0,0,ODI # 4178
Australia vs New Zealand,New Zealand,1,Martin Guptill ,20,43,2,0,46.51,1,ODI # 4178
Australia vs New Zealand,New Zealand,2,Henry Nicholls ,8,20,2,0,40,1,ODI # 4178
Australia vs New Zealand,New Zealand,3,Kane Williamson ,40,51,2,1,78.43,1,ODI # 4178
Australia vs New Zealand,New Zealand,4,Ross Taylor ,30,54,2,0,55.55,1,ODI # 4178
Australia vs New Zealand,New Zealand,5,Tom Latham ,14,28,0,0,50,1,ODI # 4178
Australia vs New Zealand,New Zealand,6,Colin de Grandhomme ,0,1,0,0,0,1,ODI # 4178
Australia vs New Zealand,New Zealand,7,James Neesham ,9,22,0,0,40.9,1,ODI # 4178
Australia vs New Zealand,New Zealand,8,Mitchell Santner ,12,29,0,1,41.37,1,ODI # 4178
Australia vs New Zealand,New Zealand,9,Ish Sodhi ,5,4,1,0,125,1,ODI # 4178
Australia vs New Zealand,New Zealand,10,Lockie Ferguson ,0,3,0,0,0,1,ODI # 4178
Australia vs New Zealand,New Zealand,11,Trent Boult ,2,7,0,0,28.57,0,ODI # 4178
England vs India,England,1,Jason Roy ,66,57,7,2,115.78,1,ODI # 4179
England vs India,England,2,Jonny Bairstow ,111,109,10,6,101.83,1,ODI # 4179
England vs India,England,3,Joe Root ,44,54,2,0,81.48,1,ODI # 4179
England vs India,England,4,Eoin Morgan ,1,9,0,0,11.11,1,ODI # 4179
England vs India,England,5,Ben Stokes ,79,54,6,3,146.29,1,ODI # 4179
England vs India,England,6,Jos Buttler ,20,8,1,2,250,1,ODI # 4179
England vs India,England,7,Chris Woakes ,7,5,1,0,140,1,ODI # 4179
England vs India,England,8,Liam Plunkett ,1,4,0,0,25,0,ODI # 4179
England vs India,England,9,Jofra Archer ,0,0,0,0,-,0,ODI # 4179
England vs India,India,1,KL Rahul ,0,9,0,0,0,1,ODI # 4179
England vs India,India,2,Rohit Sharma ,102,109,15,0,93.57,1,ODI # 4179
England vs India,India,3,Virat Kohli ,66,76,7,0,86.84,1,ODI # 4179
England vs India,India,4,Rishabh Pant ,32,29,4,0,110.34,1,ODI # 4179
England vs India,India,5,Hardik Pandya ,45,33,4,0,136.36,1,ODI # 4179
England vs India,India,6,MS Dhoni ,42,31,4,1,135.48,0,ODI # 4179
England vs India,India,7,Kedar Jadhav ,12,13,1,0,92.3,0,ODI # 4179
Sri Lanka vs West Indies,Sri Lanka,1,Dimuth Karunaratne ,32,48,4,0,66.66,1,ODI # 4180
Sri Lanka vs West Indies,Sri Lanka,2,Kusal Perera ,64,51,8,0,125.49,1,ODI # 4180
Sri Lanka vs West Indies,Sri Lanka,3,Avishka Fernando ,104,103,9,2,100.97,1,ODI # 4180
Sri Lanka vs West Indies,Sri Lanka,4,Kusal Mendis ,39,41,4,0,95.12,1,ODI # 4180
Sri Lanka vs West Indies,Sri Lanka,5,Angelo Mathews ,26,20,2,1,130,1,ODI # 4180
Sri Lanka vs West Indies,Sri Lanka,6,Lahiru Thirimanne ,45,33,4,0,136.36,0,ODI # 4180
Sri Lanka vs West Indies,Sri Lanka,7,Isuru Udana ,3,6,0,0,50,1,ODI # 4180
Sri Lanka vs West Indies,Sri Lanka,8,Dhananjaya de Silva ,6,3,1,0,200,0,ODI # 4180
Sri Lanka vs West Indies,West Indies,1,Chris Gayle ,35,48,1,2,72.91,1,ODI # 4180
Sri Lanka vs West Indies,West Indies,2,Sunil Ambris ,5,6,1,0,83.33,1,ODI # 4180
Sri Lanka vs West Indies,West Indies,3,Shai Hope ,5,11,1,0,45.45,1,ODI # 4180
Sri Lanka vs West Indies,West Indies,4,Shimron Hetmyer ,29,38,2,0,76.31,1,ODI # 4180
Sri Lanka vs West Indies,West Indies,5,Nicholas Pooran ,118,103,11,4,114.56,1,ODI # 4180
Sri Lanka vs West Indies,West Indies,6,Jason Holder ,26,26,4,0,100,1,ODI # 4180
Sri Lanka vs West Indies,West Indies,7,Carlos Brathwaite ,8,15,1,0,53.33,1,ODI # 4180
Sri Lanka vs West Indies,West Indies,8,Fabian Allen ,51,32,7,1,159.37,1,ODI # 4180
Sri Lanka vs West Indies,West Indies,9,Sheldon Cottrell ,7,10,0,0,70,0,ODI # 4180
Sri Lanka vs West Indies,West Indies,10,Oshane Thomas ,1,6,0,0,16.66,1,ODI # 4180
Sri Lanka vs West Indies,West Indies,11,Shannon Gabriel ,3,7,0,0,42.85,0,ODI # 4180
India vs Bangladesh,India,1,KL Rahul ,77,92,6,1,83.69,1,ODI # 4182
India vs Bangladesh,India,2,Rohit Sharma ,104,92,7,5,113.04,1,ODI # 4182
India vs Bangladesh,India,3,Virat Kohli ,26,27,3,0,96.29,1,ODI # 4182
India vs Bangladesh,India,4,Rishabh Pant ,48,41,6,1,117.07,1,ODI # 4182
India vs Bangladesh,India,5,Hardik Pandya ,0,2,0,0,0,1,ODI # 4182
India vs Bangladesh,India,6,MS Dhoni ,35,33,4,0,106.06,1,ODI # 4182
India vs Bangladesh,India,7,Dinesh Karthik ,8,9,1,0,88.88,1,ODI # 4182
India vs Bangladesh,India,8,Bhuvneshwar Kumar ,2,3,0,0,66.66,1,ODI # 4182
India vs Bangladesh,India,9,Mohammed Shami ,1,2,0,0,50,1,ODI # 4182
India vs Bangladesh,India,10,Jasprit Bumrah ,0,0,0,0,-,0,ODI # 4182
India vs Bangladesh,Bangladesh,1,Tamim Iqbal ,22,31,3,0,70.96,1,ODI # 4182
India vs Bangladesh,Bangladesh,2,Soumya Sarkar ,33,38,4,0,86.84,1,ODI # 4182
India vs Bangladesh,Bangladesh,3,Shakib Al Hasan ,66,74,6,0,89.18,1,ODI # 4182
India vs Bangladesh,Bangladesh,4,Mushfiqur Rahim ,24,23,3,0,104.34,1,ODI # 4182
India vs Bangladesh,Bangladesh,5,Litton Das ,22,24,0,1,91.66,1,ODI # 4182
India vs Bangladesh,Bangladesh,6,Mosaddek Hossain ,3,7,0,0,42.85,1,ODI # 4182
India vs Bangladesh,Bangladesh,7,Sabbir Rahman ,36,36,5,0,100,1,ODI # 4182
India vs Bangladesh,Bangladesh,8,Mohammad Saifuddin ,51,38,9,0,134.21,0,ODI # 4182
India vs Bangladesh,Bangladesh,9,Mashrafe Mortaza ,8,5,0,1,160,1,ODI # 4182
India vs Bangladesh,Bangladesh,10,Rubel Hossain ,9,11,1,0,81.81,1,ODI # 4182
India vs Bangladesh,Bangladesh,11,Mustafizur Rahman ,0,1,0,0,0,1,ODI # 4182
England vs New Zealand,England,1,Jason Roy ,60,61,8,0,98.36,1,ODI # 4192
England vs New Zealand,England,2,Jonny Bairstow ,106,99,15,1,107.07,1,ODI # 4192
England vs New Zealand,England,3,Joe Root ,24,25,1,0,96,1,ODI # 4192
England vs New Zealand,England,4,Jos Buttler ,11,12,1,0,91.66,1,ODI # 4192
England vs New Zealand,England,5,Eoin Morgan ,42,40,5,0,105,1,ODI # 4192
England vs New Zealand,England,6,Ben Stokes ,11,27,0,0,40.74,1,ODI # 4192
England vs New Zealand,England,7,Chris Woakes ,4,11,0,0,36.36,1,ODI # 4192
England vs New Zealand,England,8,Liam Plunkett ,15,12,1,0,125,0,ODI # 4192
England vs New Zealand,England,9,Adil Rashid ,16,12,1,0,133.33,1,ODI # 4192
England vs New Zealand,England,10,Jofra Archer ,1,1,0,0,100,0,ODI # 4192
England vs New Zealand,New Zealand,1,Martin Guptill ,8,16,1,0,50,1,ODI # 4192
England vs New Zealand,New Zealand,2,Henry Nicholls ,0,1,0,0,0,1,ODI # 4192
England vs New Zealand,New Zealand,3,Kane Williamson ,27,40,3,0,67.5,1,ODI # 4192
England vs New Zealand,New Zealand,4,Ross Taylor ,28,42,2,0,66.66,1,ODI # 4192
England vs New Zealand,New Zealand,5,Tom Latham ,57,65,5,0,87.69,1,ODI # 4192
England vs New Zealand,New Zealand,6,James Neesham ,19,27,1,0,70.37,1,ODI # 4192
England vs New Zealand,New Zealand,7,Colin de Grandhomme ,3,13,0,0,23.07,1,ODI # 4192
England vs New Zealand,New Zealand,8,Mitchell Santner ,12,30,1,0,40,1,ODI # 4192
England vs New Zealand,New Zealand,9,Tim Southee ,7,16,0,0,43.75,0,ODI # 4192
England vs New Zealand,New Zealand,10,Matt Henry ,7,13,0,0,53.84,1,ODI # 4192
England vs New Zealand,New Zealand,11,Trent Boult ,4,7,1,0,57.14,1,ODI # 4192
West Indies vs Afghanistan,West Indies,1,Chris Gayle ,7,18,1,0,38.88,1,ODI # 4184
West Indies vs Afghanistan,West Indies,2,Evin Lewis ,58,78,6,2,74.35,1,ODI # 4184
West Indies vs Afghanistan,West Indies,3,Shai Hope ,77,92,6,2,83.69,1,ODI # 4184
West Indies vs Afghanistan,West Indies,4,Shimron Hetmyer ,39,31,3,2,125.8,1,ODI # 4184
West Indies vs Afghanistan,West Indies,5,Nicholas Pooran ,58,43,6,1,134.88,1,ODI # 4184
West Indies vs Afghanistan,West Indies,6,Jason Holder ,45,34,1,4,132.35,1,ODI # 4184
West Indies vs Afghanistan,West Indies,7,Carlos Brathwaite ,14,4,2,1,350,0,ODI # 4184
West Indies vs Afghanistan,West Indies,8,Fabian Allen ,0,0,0,0,-,0,ODI # 4184
West Indies vs Afghanistan,Afghanistan,1,Gulbadin Naib ,5,6,1,0,83.33,1,ODI # 4184
West Indies vs Afghanistan,Afghanistan,2,Rahmat Shah ,62,78,10,0,79.48,1,ODI # 4184
West Indies vs Afghanistan,Afghanistan,3,Ikram Alikhil ,86,93,8,0,92.47,1,ODI # 4184
West Indies vs Afghanistan,Afghanistan,4,Najibullah Zadran ,31,38,1,1,81.57,1,ODI # 4184
West Indies vs Afghanistan,Afghanistan,5,Asghar Afghan ,40,32,4,1,125,1,ODI # 4184
West Indies vs Afghanistan,Afghanistan,6,Mohammad Nabi ,2,6,0,0,33.33,1,ODI # 4184
West Indies vs Afghanistan,Afghanistan,7,Samiullah Shinwari ,6,9,0,0,66.66,1,ODI # 4184
West Indies vs Afghanistan,Afghanistan,8,Rashid Khan ,9,16,0,1,56.25,1,ODI # 4184
West Indies vs Afghanistan,Afghanistan,9,Dawlat Zadran ,1,2,0,0,50,1,ODI # 4184
West Indies vs Afghanistan,Afghanistan,10,Sayed Shirzad ,25,17,2,2,147.05,1,ODI # 4184
West Indies vs Afghanistan,Afghanistan,11,Mujeeb Ur Rahman ,7,5,1,0,140,0,ODI # 4184
Pakistan vs Bangladesh,Pakistan,1,Fakhar Zaman ,13,31,1,0,41.93,1,ODI # 4186
Pakistan vs Bangladesh,Pakistan,2,Imam-ul-Haq ,100,100,7,0,100,1,ODI # 4186
Pakistan vs Bangladesh,Pakistan,3,Babar Azam ,96,98,11,0,97.95,1,ODI # 4186
Pakistan vs Bangladesh,Pakistan,4,Mohammad Hafeez ,27,25,3,0,108,1,ODI # 4186
Pakistan vs Bangladesh,Pakistan,5,Haris Sohail ,6,6,1,0,100,1,ODI # 4186
Pakistan vs Bangladesh,Pakistan,6,Imad Wasim ,43,26,6,1,165.38,1,ODI # 4186
Pakistan vs Bangladesh,Pakistan,7,Sarfaraz Ahmed ,3,3,0,0,100,0,ODI # 4186
Pakistan vs Bangladesh,Pakistan,8,Wahab Riaz ,2,4,0,0,50,1,ODI # 4186
Pakistan vs Bangladesh,Pakistan,9,Shadab Khan ,1,2,0,0,50,1,ODI # 4186
Pakistan vs Bangladesh,Pakistan,10,Mohammad Amir ,8,6,1,0,133.33,1,ODI # 4186
Pakistan vs Bangladesh,Pakistan,11,Shaheen Shah Afridi ,0,0,0,0,-,0,ODI # 4186
Pakistan vs Bangladesh,Bangladesh,1,Tamim Iqbal ,8,21,0,0,38.09,1,ODI # 4186
Pakistan vs Bangladesh,Bangladesh,2,Soumya Sarkar ,22,22,4,0,100,1,ODI # 4186
Pakistan vs Bangladesh,Bangladesh,3,Shakib Al Hasan ,64,77,6,0,83.11,1,ODI # 4186
Pakistan vs Bangladesh,Bangladesh,4,Mushfiqur Rahim ,16,19,2,0,84.21,1,ODI # 4186
Pakistan vs Bangladesh,Bangladesh,5,Litton Das ,32,40,3,0,80,1,ODI # 4186
Pakistan vs Bangladesh,Bangladesh,6,Mahmudullah ,29,41,3,0,70.73,1,ODI # 4186
Pakistan vs Bangladesh,Bangladesh,7,Mosaddek Hossain ,16,21,1,0,76.19,1,ODI # 4186
Pakistan vs Bangladesh,Bangladesh,8,Mohammad Saifuddin ,0,1,0,0,0,1,ODI # 4186
Pakistan vs Bangladesh,Bangladesh,9,Mehidy Hasan Miraz ,7,6,1,0,116.66,0,ODI # 4186
Pakistan vs Bangladesh,Bangladesh,10,Mashrafe Mortaza ,15,14,0,2,107.14,1,ODI # 4186
Pakistan vs Bangladesh,Bangladesh,11,Mustafizur Rahman ,1,3,0,0,33.33,1,ODI # 4186
Sri Lanka vs India,Sri Lanka,1,Dimuth Karunaratne ,10,17,2,0,58.82,1,ODI # 4187
Sri Lanka vs India,Sri Lanka,2,Kusal Perera ,18,14,3,0,128.57,1,ODI # 4187
Sri Lanka vs India,Sri Lanka,3,Avishka Fernando ,20,21,4,0,95.23,1,ODI # 4187
Sri Lanka vs India,Sri Lanka,4,Kusal Mendis ,3,13,0,0,23.07,1,ODI # 4187
Sri Lanka vs India,Sri Lanka,5,Angelo Mathews ,113,128,10,2,88.28,1,ODI # 4187
Sri Lanka vs India,Sri Lanka,6,Lahiru Thirimanne ,53,68,4,0,77.94,1,ODI # 4187
Sri Lanka vs India,Sri Lanka,7,Dhananjaya de Silva ,29,36,1,0,80.55,0,ODI # 4187
Sri Lanka vs India,Sri Lanka,8,Thisara Perera ,2,3,0,0,66.66,1,ODI # 4187
Sri Lanka vs India,Sri Lanka,9,Isuru Udana ,1,1,0,0,100,0,ODI # 4187
Sri Lanka vs India,India,1,KL Rahul ,111,118,11,1,94.06,1,ODI # 4187
Sri Lanka vs India,India,2,Rohit Sharma ,103,94,14,2,109.57,1,ODI # 4187
Sri Lanka vs India,India,3,Virat Kohli ,34,41,3,0,82.92,0,ODI # 4187
Sri Lanka vs India,India,4,Rishabh Pant ,4,4,1,0,100,1,ODI # 4187
Sri Lanka vs India,India,5,Hardik Pandya ,7,4,1,0,175,0,ODI # 4187
South Africa vs Australia,South Africa,1,Aiden Markram ,34,37,6,1,91.89,1,ODI # 4188
South Africa vs Australia,South Africa,2,Quinton de Kock ,52,51,7,0,101.96,1,ODI # 4188
South Africa vs Australia,South Africa,3,Faf du Plessis ,100,94,7,2,106.38,1,ODI # 4188
South Africa vs Australia,South Africa,4,Rassie van der Dussen ,95,97,4,4,97.93,1,ODI # 4188
South Africa vs Australia,South Africa,5,Jean-Paul Duminy ,14,13,1,0,107.69,1,ODI # 4188
South Africa vs Australia,South Africa,6,Dwaine Pretorius ,2,5,0,0,40,1,ODI # 4188
South Africa vs Australia,South Africa,7,Andile Phehlukwayo ,4,3,1,0,133.33,0,ODI # 4188
South Africa vs Australia,Australia,1,David Warner ,122,117,15,2,104.27,1,ODI # 4188
South Africa vs Australia,Australia,2,Aaron Finch ,3,4,0,0,75,1,ODI # 4188
South Africa vs Australia,Australia,3,Usman Khawaja ,18,14,3,0,128.57,1,ODI # 4188
South Africa vs Australia,Australia,4,Steven Smith ,7,6,1,0,116.66,1,ODI # 4188
South Africa vs Australia,Australia,5,Marcus Stoinis ,22,34,4,0,64.7,1,ODI # 4188
South Africa vs Australia,Australia,6,Glenn Maxwell ,12,20,1,0,60,1,ODI # 4188
South Africa vs Australia,Australia,7,Alex Carey ,85,69,11,1,123.18,1,ODI # 4188
South Africa vs Australia,Australia,8,Pat Cummins ,9,15,1,0,60,1,ODI # 4188
South Africa vs Australia,Australia,9,Mitchell Starc ,16,11,1,1,145.45,1,ODI # 4188
South Africa vs Australia,Australia,10,Jason Behrendorff ,11,6,0,0,183.33,0,ODI # 4188
South Africa vs Australia,Australia,11,Nathan Lyon ,3,3,0,0,100,1,ODI # 4188
New Zealand vs India,New Zealand,1,Martin Guptill ,1,14,0,0,7.14,1,ODI # 4190
New Zealand vs India,New Zealand,2,Henry Nicholls ,28,51,2,0,54.9,1,ODI # 4190
New Zealand vs India,New Zealand,3,Kane Williamson ,67,95,6,0,70.52,1,ODI # 4190
New Zealand vs India,New Zealand,4,Ross Taylor ,74,90,3,1,82.22,1,ODI # 4190
New Zealand vs India,New Zealand,5,James Neesham ,12,18,1,0,66.66,1,ODI # 4190
New Zealand vs India,New Zealand,6,Colin de Grandhomme ,16,10,2,0,160,1,ODI # 4190
New Zealand vs India,New Zealand,7,Tom Latham ,10,11,0,0,90.9,1,ODI # 4190
New Zealand vs India,New Zealand,8,Mitchell Santner ,9,6,1,0,150,0,ODI # 4190
New Zealand vs India,New Zealand,9,Matt Henry ,1,2,0,0,50,1,ODI # 4190
New Zealand vs India,New Zealand,10,Trent Boult ,3,3,0,0,100,0,ODI # 4190
New Zealand vs India,India,1,KL Rahul ,1,7,0,0,14.28,1,ODI # 4190
New Zealand vs India,India,2,Rohit Sharma ,1,4,0,0,25,1,ODI # 4190
New Zealand vs India,India,3,Virat Kohli ,1,6,0,0,16.66,1,ODI # 4190
New Zealand vs India,India,4,Rishabh Pant ,32,56,4,0,57.14,1,ODI # 4190
New Zealand vs India,India,5,Dinesh Karthik ,6,25,1,0,24,1,ODI # 4190
New Zealand vs India,India,6,Hardik Pandya ,32,62,2,0,51.61,1,ODI # 4190
New Zealand vs India,India,7,MS Dhoni ,50,72,1,1,69.44,1,ODI # 4190
New Zealand vs India,India,8,Ravindra Jadeja ,77,59,4,4,130.5,1,ODI # 4190
New Zealand vs India,India,9,Bhuvneshwar Kumar ,0,1,0,0,0,1,ODI # 4190
New Zealand vs India,India,10,Yuzvendra Chahal ,5,5,1,0,100,1,ODI # 4190
New Zealand vs India,India,11,Jasprit Bumrah ,0,0,0,0,-,0,ODI # 4190
Australia vs England,Australia,1,David Warner ,9,11,2,0,81.81,1,ODI # 4191
Australia vs England,Australia,2,Aaron Finch ,0,1,0,0,0,1,ODI # 4191
Australia vs England,Australia,3,Steven Smith ,85,119,6,0,71.42,1,ODI # 4191
Australia vs England,Australia,4,Peter Handscomb ,4,12,0,0,33.33,1,ODI # 4191
Australia vs England,Australia,5,Alex Carey ,46,70,4,0,65.71,1,ODI # 4191
Australia vs England,Australia,6,Marcus Stoinis ,0,2,0,0,0,1,ODI # 4191
Australia vs England,Australia,7,Glenn Maxwell ,22,23,2,1,95.65,1,ODI # 4191
Australia vs England,Australia,8,Pat Cummins ,6,10,0,0,60,1,ODI # 4191
Australia vs England,Australia,9,Mitchell Starc ,29,36,1,1,80.55,1,ODI # 4191
Australia vs England,Australia,10,Jason Behrendorff ,1,4,0,0,25,1,ODI # 4191
Australia vs England,Australia,11,Nathan Lyon ,5,6,0,0,83.33,0,ODI # 4191
Australia vs England,England,1,Jason Roy ,85,65,9,5,130.76,1,ODI # 4191
Australia vs England,England,2,Jonny Bairstow ,34,43,5,0,79.06,1,ODI # 4191
Australia vs England,England,3,Joe Root ,49,46,8,0,106.52,0,ODI # 4191
Australia vs England,England,4,Eoin Morgan ,45,39,8,0,115.38,0,ODI # 4191
New Zealand vs England,New Zealand,1,Martin Guptill ,19,18,2,1,105.55,1,ODI # 4192
New Zealand vs England,New Zealand,2,Henry Nicholls ,55,77,4,0,71.42,1,ODI # 4192
New Zealand vs England,New Zealand,3,Kane Williamson ,30,53,2,0,56.6,1,ODI # 4192
New Zealand vs England,New Zealand,4,Ross Taylor ,15,31,0,0,48.38,1,ODI # 4192
New Zealand vs England,New Zealand,5,Tom Latham ,47,56,2,1,83.92,1,ODI # 4192
New Zealand vs England,New Zealand,6,James Neesham ,19,25,3,0,76,1,ODI # 4192
New Zealand vs England,New Zealand,7,Colin de Grandhomme ,16,28,0,0,57.14,1,ODI # 4192
New Zealand vs England,New Zealand,8,Mitchell Santner ,5,9,0,0,55.55,0,ODI # 4192
New Zealand vs England,New Zealand,9,Matt Henry ,4,2,1,0,200,1,ODI # 4192
New Zealand vs England,New Zealand,10,Trent Boult ,1,2,0,0,50,0,ODI # 4192
New Zealand vs England,England,1,Jason Roy ,17,20,3,0,85,1,ODI # 4192
New Zealand vs England,England,2,Jonny Bairstow ,36,55,7,0,65.45,1,ODI # 4192
New Zealand vs England,England,3,Joe Root ,7,30,0,0,23.33,1,ODI # 4192
New Zealand vs England,England,4,Eoin Morgan ,9,22,0,0,40.9,1,ODI # 4192
New Zealand vs England,England,5,Ben Stokes ,84,98,5,2,85.71,0,ODI # 4192
New Zealand vs England,England,6,Jos Buttler ,59,60,6,0,98.33,1,ODI # 4192
New Zealand vs England,England,7,Chris Woakes ,2,4,0,0,50,1,ODI # 4192
New Zealand vs England,England,8,Liam Plunkett ,10,10,1,0,100,1,ODI # 4192
New Zealand vs England,England,9,Jofra Archer ,0,1,0,0,0,1,ODI # 4192
New Zealand vs England,England,10,Adil Rashid ,0,0,0,0,-,1,ODI # 4192
New Zealand vs England,England,11,Mark Wood ,0,0,0,0,-,1,ODI # 4192
